0,0,0,0,0,0,0,0,0,0,0,0,0,0,0,0,0,0,0,0,0,0,0,0,0,0,0,0,0,0,0,0,0,0,0,0,0,0,0,0,0,0,5150441046,5585352695,5644309210,6275076016,6623602375,7533698917,7805768540,9446591725,10243250246
0,0,0,0,0,0,0,0,0,0,0,0,0,0,0,0,0,0,0,0,4951266267,5235747969,5390129065,5449686665,5381478569,5477303542,5786072462,5740487316,5658970119,6215617487,5620432320,3957402732,3672469735,4025026830,4359104057,4938864896,5388301602,4838694838,5453209083,6003983200,6442273974,6893233152,7093136913,7497445717,7939795015,8376483740,8795307928,9314231095,10031426890,10362463977,10725150216
19911948120,17202839689,13816453510,18557393905,19641036765,20860135943,19857812475,21734964029,24081522598,26112384903,28426636033,25205409494,32117733281,33342439059,35841427455,37649749897,40807342747,42953231931,46911301696,50419247461,50817865551,52342399519,55692315261,58699701965,61986883226,64280396214,64537518435,64085757414,63444896305,66236473115,66766365310,65965168517,67152543077,65742339165,65150660372,67626382084,70399062720,71173452359,74803300996,77197007776,78895342490,82534408893,87156335791,93431591968,97449150423,1.03199E+11,1.04953E+11,1.08521E+11,1.10692E+11,1.12463E+11,1.16512E+11
0,0,0,0,0,0,0,0,0,0,699385987.2,731903753.5,791552048.2,853201805.7,901141387.5,906027405.3,935960661.3,962528600.2,976610426.5,977016174.1,998595805.3,997272978.4,1009703604,1027576528,1045915558,1070195817,1105012729,1166309140,1225724709,1284890812,1333477590,1367427938,1380134288,1365898317,1398450342,1437012526,1503829900,1640192292,1692592958,1761973717,1782514579,1992321406,2109356389,2251830450,2397857379,2539759286,2712207294,2750939554,2849168375,0,0
0,0,0,0,0,0,0,0,0,0,0,0,0,0,0,0,0,0,0,0,0,0,0,0,0,13636722325,14018550550,15126016044,15973072942,16036965234,15988854338,15796988086,14706995908,11074367919,11461970796,12654015759,14071265524,15182895500,16216055421,16741423131,17245687549,17973622010,20457898753,21531441233,23873946857,28233699240,34087962369,41789491879,47563587328,48711254651,50371160616
0,0,0,0,0,0,0,0,0,0,0,0,0,0,0,0,0,273410888.5,284850722,305768932.7,332049974.2,345609975.1,346188184.4,362384213.3,397729793.4,429509646.5,484140795,524146190.1,552564360.2,584463251.1,599338436,611543597.9,616730611.2,649973021.5,691100876.2,662234817.9,706866540.5,741402946.8,774081551.4,805986138.4,847090613.8,820661180.6,844419520,900017957.9,944232248.7,1001970945,1137617186,1238823623,1239561897,1090430567,1012173532
76975586668,81153700562,80462253591,76191158797,83909549954,92778313911,92166231089,95108174075,99694766523,1.09345E+11,1.12675E+11,1.1905E+11,1.20989E+11,1.24391E+11,1.31274E+11,1.31237E+11,1.28588E+11,1.37505E+11,1.31309E+11,1.44732E+11,1.50741E+11,1.42165E+11,1.35117E+11,1.40353E+11,1.43458E+11,1.32574E+11,1.43015E+11,1.47177E+11,1.43414E+11,1.32663E+11,1.29481E+11,1.45885E+11,1.63305E+11,1.72952E+11,1.83045E+11,1.77837E+11,1.87666E+11,2.02887E+11,2.10699E+11,2.03566E+11,2.0196E+11,1.93056E+11,1.72023E+11,1.87225E+11,2.04131E+11,2.22908E+11,2.41551E+11,2.60882E+11,2.68975E+11,2.69111E+11,2.93698E+11
1723904227,1822684413,1872075528,1829333256,2065836269,2183136335,2289041595,2390194762,2530292614,2565909811,2762995995,2836605415,2852752313,3092580770,3182337088,3191360956,3340954819,3419788475,3505747206,3489126120,3493399938,3525217504,3612126654,3727527926,3775492391,3809210795,3965929732,4017219641,4102702140,4163964292,4063285312,3587880992,2088146639,1904389760,2007226860,2145725481,2271580880,2347021891,2518354489,2601460187,2754946338,3018226683,3416219125,3895883451,4303698369,4900436759,5547196574,6309891834,6745274371,5790818814,5918216827
0,0,0,0,0,0,0,0,0,0,0,0,0,0,0,0,0,0,0,0,0,0,0,0,0,0,0,0,0,0,0,0,0,0,1770768141,1792815725,1932914086,2061774159,2085576710,2179720937,2171771586,2124764472,2134650786,2295165262,2322172253,2331005587,2385903552,2298707695,2140526675,2019511955,0
1.38412E+11,1.41666E+11,1.43471E+11,1.52388E+11,1.63018E+11,1.72764E+11,1.76849E+11,1.87988E+11,1.9756E+11,2.11492E+11,2.26649E+11,2.35731E+11,2.4495E+11,2.51312E+11,2.61616E+11,2.65104E+11,2.71963E+11,2.81776E+11,2.84305E+11,2.9583E+11,3.04856E+11,3.1509E+11,3.25562E+11,3.1829E+11,3.33029E+11,3.50511E+11,3.64296E+11,3.73229E+11,3.94036E+11,4.09644E+11,4.26642E+11,4.26115E+11,4.27469E+11,4.45147E+11,4.63122E+11,4.80408E+11,4.9936E+11,5.1906E+11,5.42062E+11,5.69182E+11,5.91247E+11,6.02624E+11,6.25937E+11,6.45209E+11,6.72037E+11,6.93663E+11,7.14361E+11,7.41285E+11,7.68695E+11,7.82092E+11,7.97442E+11
76547950504,80787160170,82926949576,86358688647,91647600223,94837097019,1.00189E+11,1.03202E+11,1.07818E+11,1.14584E+11,1.20939E+11,1.27123E+11,1.35015E+11,1.41613E+11,1.47198E+11,1.46665E+11,1.53378E+11,1.61169E+11,1.6083E+11,1.69445E+11,1.72379E+11,1.7213E+11,1.75592E+11,1.80813E+11,1.80905E+11,1.85425E+11,1.89693E+11,1.92267E+11,1.98604E+11,2.06324E+11,2.1529E+11,2.227E+11,2.27362E+11,2.2856E+11,2.3405E+11,2.40294E+11,2.46222E+11,2.51907E+11,2.61443E+11,2.70695E+11,2.80623E+11,2.8303E+11,2.87823E+11,2.90316E+11,2.97834E+11,3.04984E+11,3.16176E+11,3.27893E+11,3.32603E+11,3.19891E+11,3.2555E+11
5068839254,5359285137,5504511083,5378834899,6074230696,6419131050,6730526969,7027950187,7439883448,7544609595,8124107094,8340542734,8388019869,9093193552,9357106327,9383639434,9823494059,10055290654,10308037287,10259165887,10271732303,10365286299,10620827472,10960144755,11101175886,11200318962,11661123623,11811932640,12063278998,12243409653,11947380700,11863749035,9182541753,7061374608,5670283810,5001190321,5066205795,5360045731,5896050304,6332358027,7035249768,7731739495,8551303881,9509049916,10478973007,13245421881,17815092430,22277594932,24677431177,26999738724,28310397707
1465555337,1621887573,1791406789,1979935483,2187859717,2415957140,2635131034,2888053972,3131279068,3412519940,3219724512,3272093650,3157657534,3396615401,2827538667,2408974605,2533884399,2765859732,3158045328,3983536143,4242277984,3850868225,4108833980,4256630849,4859844421,5094535059,5186083852,5340863504,5464221872,5831818021,5738727670,5498746505,5288387408,5304665406,5471704880,5711297211,5952515574,6075270743,6361809298,6816305220,7099130519,7285527215,7482573735,7387938285,7453165227,7706222000,7900177115,8014454932,7828204029,7501356222,7575468595
0,0,0,0,0,0,0,0,0,0,0,0,0,0,0,0,0,0,0,0,6205381344,5875460065,5431497523,5777830299,6066932371,5778251521,5846607978,6454597146,6906418547,6931558280,7239180651,8052140618,8590828542,9696468813,9672227544,10052345336,10465497270,10789195022,11305997719,11792155712,12417139192,12726454402,13186407218,13980750122,14956738763,15969151306,17001883593,18412018570,19560291945,20058224369,20928102320
12535248713,13294654239,14019615854,13955701225,15484239671,15732956545,16136791961,15834087702,17336656174,17548312112,18534501334,17518906478,15070862017,15572070690,17065736906,16368053045,17294707649,17757004877,19013106589,19926046494,20089269083,20853062701,21348628816,22206008546,23356429079,24109272332,25133571752,26071622934,26634562018,27330350482,28954130547,29921011909,31428771530,32866441571,34208938270,35893746330,37552743789,39575917287,41644760785,43672540057,46268657157,48708872666,50859569550,53532745612,56889517979,60277560976,64273563733,68404967193,72639529866,76809880500,81471733197
1130125934,1217106413,1327385487,1259975263,1323035460,1474322494,1533345097,1696433769,1813857883,1950231061,2135686392,2219249873,2247518692,2277651185,2171721244,2258701922,2256837852,2355623249,2500073205,2691741242,2819106006,2728708130,2592024207,2596683986,2683975210,2697643602,2952062185,2982194678,3168581845,3328253518,3168271299,3076009552,2922861330,2951751440,3069078136,3114811483,3171937609,3374774364,3513557354,3604651820,3687558812,3593519264,3617690072,3689069488,3741943129,3891500000,4113569293,4182305027,4196656444,4022928766,4033125825
10063802013,10640460634,10928795911,10679275228,12059931681,12744705590,13362958947,13953470548,14771333291,14979259239,16129808272,16559525079,16653787388,18053857103,18577836219,18630515724,19503814251,19964029091,20465838667,20368808149,20393757830,20579502306,21086860232,21760549372,22040556156,22237397333,23152290595,23451710642,23950740076,24308376047,23720632655,23435985064,21186130497,19575984580,17285594384,15487892568,15921553560,17736610666,19226485962,19880186484,21033237300,22027122126,23138449319,24768134887,27604022659,30210091837,33230492799,36104038406,39804069049,39869162697,42955347354
1.02244E+11,1.07334E+11,1.12928E+11,1.17842E+11,1.2604E+11,1.30528E+11,1.34647E+11,1.39856E+11,1.45721E+11,1.55382E+11,1.64639E+11,1.70818E+11,1.79796E+11,1.90803E+11,1.98816E+11,1.96178E+11,2.07267E+11,2.08565E+11,2.14492E+11,2.19514E+11,2.29347E+11,2.28706E+11,2.30067E+11,2.30785E+11,2.36477E+11,2.40383E+11,2.44764E+11,2.5041E+11,2.62238E+11,2.71335E+11,2.79848E+11,2.84978E+11,2.8934E+11,2.86557E+11,2.95804E+11,3.02858E+11,3.07172E+11,3.18645E+11,3.24792E+11,3.3629E+11,3.4863E+11,3.51446E+11,3.56224E+11,3.59098E+11,3.70856E+11,3.7735E+11,3.87413E+11,3.98583E+11,4.02509E+11,3.91237E+11,4.00383E+11
89096949.28,93455818.83,98028292.96,102886990,108031201.5,113357716.6,118765869.7,124600984.8,133780611.3,140611962.9,147372154.2,153207269.4,168862445.8,177899751.6,202022951.1,209281273,209210104.4,222801639.2,240449305.2,258523916.8,297733026.4,301575668.4,300721744.3,294388498.6,300152461.6,303354652.2,317230844.8,352810785.3,385402007.8,435854369.1,482179480,532794077.7,596919880.1,634385948.2,635387883.5,639479575.5,648615965.1,671610593.1,696735244,757911163,856733436.6,899704301.9,945756200.4,1033988110,1082048816,1114200000,1166538878,1180479978,1226298870,1229902603,1277265951
955353181.2,985363503.8,951600912.1,996611901.1,1062894158,1119162317,1159182025,1171682629,1216702608,1251713201,1277971109,1258841903,1339739711,1389392679,1435788838,1365502015,1377577918,1446231769,1464383106,1560091487,1665893208,1831720069,1872660227,1791240281,1933282761,2078865233,2124000341,2092140273,2163382781,2101636365,2290282068,2387064795,2457667268,2601100960,2653653615,2814072248,2935760725,3104117453,3227071923,3399444336,3564714018,3787451985,3954899568,4108448873,4236626607,4358015993,4521535485,4730719643,4968127509,5100603394,5230812508
1070485428,1120584146,1170674257,1183200472,1314654044,1377231576,1575052112,1784140906,1821701767,1884303202,2003245929,2072107508,2109668369,2140969087,2159749518,2241131383,2441455976,2585439278,2623000139,2679341430,2892186310,2961047889,2804544301,2860885593,2874657909,2817064588,3004868894,3117551478,3244006377,3258404707,3259030721,3143844080,3141966037,3236494205,3255900650,3399132533,3487526160,3647952364,3790222506,3918432419,4283518863,4592893272,4525019938,4679355073,4787975374,4868136000,5138018933,5284241306,5364978907,5081483918,4975071875
0,0,0,0,0,0,0,0,0,0,0,0,0,0,0,0,0,0,0,0,134199022,152863057.7,158081714.1,175961882.5,183848680.4,191591971.3,214066817,275495998,289235781.8,310733595.7,344530330.9,343125074.2,358911887.4,366041194.4,384165735.7,411342070.8,434233967.4,457569000.1,484629771.8,523322478.7,559604551.8,605513243.9,670471741.1,721858934.4,764422682.7,818869145.8,874956489.1,1031799658,1080999520,1152964078,1288216614
2931591077,2992567693,3159260437,3362107111,3523305344,3721491924,3963288262,4237106609,3721491924,3836709803,3817724954,4011029213,4330607372,4579147924,4713755083,5058378553,5291800845,5554867676,5668892144,5676451274,5598583253,5614013865,5392892572,5174905307,5164520729,5077943348,4947243313,5069117641,5216603894,5414319880,5665316266,5963681397,6061873414,6320672693,6615675317,6925174928,7227205373,7585256216,7966745651,8000754522,8201398323,8339493389,8546776986,8778509155,9144862288,9549196256,10007272035,10464042407,11107423825,11480299979,11954060130
1169776932,1222729797,1245688382,1375663597,1506749711,1547482684,1630800129,1658942911,1693751088,1882974264,1971846206,2199210256,2275121706,2351033157,2654308658,2654308658,2736515204,2935736473,3097557467,3310109527,3469338423,3524883386,3556729165,3588945244,3671151790,3702997569,3856671968,3811865698,3758542533,3710773864,3440084742,2983654696,2419292109,2018945864,2096293368,2532322413,4785017277,6430564389,7433732186,8147370476,8595475852,8973676790,9449281660,9827252926,10426715355,10948051122,11626830292,12421872947,13095138461,12714069932,12803068421
199004292.6,211627691.3,225736208.5,239102158.2,255438328.1,270289401.3,287436603.3,304465966.2,336639058.3,387550336.3,453899993.2,571102008.5,721655576.6,875391181.5,952406317.4,1032848930,1142820251,1280096280,1463569938,1641373032,1838122799,2004746013,2248634024,2544255855,2761672275,2958448916,3200240699,3580490999,4276895409,4835432548,5162927788,5548015535,5709855051,5819262003,6030379937,6454340387,6830615528,7378878232,7432153228,8150637372,8312647254,8333476575,8839279508,9248175276,9498414407,9931223496,10721702328,11652597047,12107219247,11157891950,12116816309
1.25652E+11,1.38564E+11,1.45792E+11,1.47067E+11,1.52193E+11,1.5684E+11,1.6335E+11,1.71379E+11,1.90963E+11,2.09555E+11,2.27933E+11,2.53678E+11,2.84253E+11,3.23988E+11,3.53283E+11,3.71686E+11,4.08076E+11,4.26873E+11,4.40668E+11,4.70485E+11,5.13351E+11,4.90798E+11,4.93645E+11,4.76813E+11,5.01937E+11,5.4182E+11,5.85102E+11,6.06164E+11,6.05542E+11,6.254E+11,5.98508E+11,6.07558E+11,6.04721E+11,6.32932E+11,6.66695E+11,6.96142E+11,7.11109E+11,7.35108E+11,7.35369E+11,7.37249E+11,7.68993E+11,7.79105E+11,7.99797E+11,8.08969E+11,8.55193E+11,8.82186E+11,9.1708E+11,9.7298E+11,1.02328E+12,1.01992E+12,1.09675E+12
0,0,0,0,0,0,0,0,0,0,0,0,0,0,5084803535,5102878172,6131383324,6800727947,7261534016,8899912405,8277212007,6636112704,6898680819,6933275285,6974866386,6870888635,6684311737,6818608233,6893433343,6819385637,6893677416,7110548458,7448909600,7471597040,7706608407,8051764825,8283520245,8161655436,8116071906,8363787087,8602106665,8838152034,9180373875,9446967804,9494610558,9531402830,9950567280,9965949012,9772638053,9600196363,9849702194
0,0,0,0,0,0,0,0,0,0,0,0,0,0,0,0,0,0,0,0,19651514934,20614470927,21095729271,21819377382,22560460217,23165856780,24140583859,25602178852,28404258438,27469791855,24965267318,22856861812,21194622169,20880896238,21260513220,21868604179,19893857267,19566497801,20517696083,20920692661,22113172143,23041925373,24124895865,25451765138,27157033402,28895083540,30773263970,32742752864,34772803542,32860299347,32991740544
910098557,946902287.2,1004936023,992193269.8,1014843249,1053047483,1058708804,1152122017,1187501079,1211560813,1212978577,1230122087,1258556344,1264211382,1368969329,1410016271,1530359679,1536027421,1606804876,1665688193,1678961711,1750406625,1917783948,1924419188,1890189608,2051183956,2214363080,2209129725,2337161892,2387417119,2373022702,2588255492,2594278641,2684076611,2719372414,2874821908,3191476178,3393076453,3641032967,3910621565,3982851579,4245137265,4463498007,4811762166,5027254632,5462709055,5832414795,6042743720,6393223162,6582810304,7105465610
409667070.2,353353681.5,385378683.7,401315662.3,426490346,443410180.2,463864660.3,527977800.6,526405041,518721942.8,629342876.3,646629847.1,605219898.5,646913804.3,642211778.9,646693904.8,698058609.2,778122113.7,770803283.9,783636811.3,791403088.9,887663627.4,878311205,910943338.3,912360256.1,1019865309,1053012772,1110961077,1166853799,1182600517,1223989432,1285150182,1298130178,1217126855,1170510896,1077806433,991581918.8,975815766.3,1022167015,1011843128,1003173008,1023796310,1069319612,1056234049,1107288788,1117254387,1177414708,1233763797,1296045659,1340998037,1391766915
3147474547,3460099193,3502554419,4010087019,4716387168,4569723833,5098777197,5333226712,6002453260,6575040409,7257202945,7943490331,8280026230,8771793344,9151382250,9906635428,11186215832,12004427021,13314044422,13632836895,12138991900,12563917179,12589148332,12098141278,11771338853,12301193086,12702131871,12657804872,12801658794,13179052329,13034621986,13039956427,13008065829,12983027241,13088346426,14020988581,15104716696,15968564294,16727466360,16992838845,16364069025,16360594856,16126506131,15875680153,16160466859,16363437145,16475358262,16757813807,17128737062,17753676287,18173099407
0,0,0,0,0,0,0,0,0,0,0,0,0,0,0,0,0,0,0,0,0,0,0,0,0,0,0,0,0,0,0,0,0,2436535851,2658247566,2829515873,2982658874,3150278127,3308076590,3702060504,4026612205,4350296727,4641239389,5036018514,5556769455,6293046162,6970875649,7682781331,8196880596,8203987042,8693197236
3778539607,3823265456,3939552332,4086992061,4231964196,4317706064,4516966282,4024071959,4279452597,4489209090,4628018499,4789060020,4917111980,5180456801,5736540621,6381617985,6030939245,6859582549,8368896835,8873969699,8699570311,10185690265,10951267382,11703272358,12578041940,13592229797,14512649804,14201113976,13090071082,12851946914,12067245894,11607652843,11247815232,10887885442,10615688205,10966005506,11514306267,12101535664,12711362656,13269875877,13827210177,14451407928,15030771313,15636660700,16215507058,16587921221,17122408358,17608693919,18247395962,18588341482,19209829593
2.31589E+11,2.38915E+11,2.55918E+11,2.69179E+11,2.87212E+11,3.06273E+11,3.26441E+11,3.35958E+11,3.53748E+11,3.72355E+11,4.00871E+11,4.17378E+11,4.40108E+11,4.70758E+11,4.88133E+11,4.97032E+11,5.22874E+11,5.40956E+11,5.62344E+11,5.8374E+11,5.96364E+11,6.17256E+11,5.98613E+11,6.13974E+11,6.48183E+11,6.78514E+11,6.93428E+11,7.21459E+11,7.55639E+11,7.73589E+11,7.74587E+11,7.58164E+11,7.64641E+11,7.84578E+11,8.20308E+11,8.42772E+11,8.56927E+11,8.93375E+11,9.30345E+11,9.76837E+11,1.02688E+12,1.04422E+12,1.07348E+12,1.09414E+12,1.12849E+12,1.16418E+12,1.1947E+12,1.2187E+12,1.23302E+12,1.19959E+12,1.24006E+12
0,0,0,0,0,0,0,0,0,0,0,0,0,0,0,0,0,0,0,0,149887089.7,162554890.6,167147114.7,183060773,189986457.9,206405252.3,212332087.3,221481611.9,234763543.2,248140251,249857807.5,253366178.8,281078476.8,305555666.5,364169314.8,415923734.1,463116623.4,514607901.8,579022843.8,644004542,735999746.6,752424717.9,791933721.6,825006927,909133482.7,971976952.2,1049577166,1208805244,1289197084,1272819077,1291490222
721229722.1,756955495.6,728844892.5,723690181.7,738745550.9,745745674.6,750555728.8,785655577.2,796687727.2,853184092.6,873088587.7,882955597.8,882948685.3,899625545.6,956654073.5,960528559.5,1012708722,1051255263,1063967288,1037739736,991263526.2,975953387.1,1051255263,965825553.1,1057400835,1098927914,1138247190,1082028784,1100534429,1122295457,1098192564,1092125852,1021966657,1025391735,1075635921,1153081732,1106958447,1165627274,1220411684,1264346541,1232871264,1287916287,1334493625,1262464742,1338149399,1350300947,1452928387,1570946904,1632089450,1777461809,1895403785
1652147604,1675240393,1765035223,1736804296,1693194189,1703458803,1672675729,1685508520,1677802057,1793256821,1826605238,1785549977,1806076947,1654711751,1736816109,1893307883,1949742946,1993312387,1983951110,1558570413,1464313206,1479584794,1558692407,1803075391,1840018583,2241009666,2149539102,2098190729,2423040152,2541399245,2435207580,2643055887,2854538506,2406095159,2649998321,2682766857,2742176006,2897201974,3098603284,3077444465,3050372770,3405989335,3695199036,4239193933,5664808225,6646663021,6689750813,6908605983,7119504413,7419783433,8425171572
18963351426,19731354064,20756018975,22025574333,22613188390,22707524962,24978642156,25888060393,26859297338,27791668759,28381552376,30940990788,30687523580,29171222138,29898707061,26501382715,27404121462,29787578565,32010603752,34789866777,37624756133,39407157870,35339065363,34000926093,36711936068,39325542657,41526338962,44264674990,47500954550,52517209836,54459075631,58799457626,66018814245,70631077873,74662783918,82597628934,88720997153,94581533271,97637347892,96894469433,1.01251E+11,1.04641E+11,1.06908E+11,1.11138E+11,1.17852E+11,1.24404E+11,1.29884E+11,1.36587E+11,1.41084E+11,1.39622E+11,1.47668E+11
87992289679,87728312810,63778483413,60206888342,66347990953,78489673297,91832917757,1.01659E+11,95864474680,91934031218,1.07471E+11,1.2832E+11,1.37303E+11,1.4252E+11,1.53779E+11,1.57316E+11,1.71003E+11,1.68267E+11,1.81055E+11,2.02184E+11,2.17495E+11,2.3455E+11,2.46847E+11,2.69204E+11,2.98421E+11,3.43709E+11,3.89994E+11,4.24494E+11,4.73664E+11,5.27096E+11,5.48513E+11,5.69571E+11,6.21851E+11,7.10407E+11,8.09611E+11,9.15513E+11,1.01553E+12,1.11717E+12,1.22104E+12,1.31669E+12,1.41701E+12,1.53463E+12,1.67401E+12,1.84183E+12,2.02758E+12,2.2569E+12,2.543E+12,2.90315E+12,3.18286E+12,3.47613E+12,3.83928E+12
23242411209,24466210710,25803656187,26553023954,28306145299,29158864302,30710806403,31997784342,34054424119,36275091004,38798573186,41107562836,44261916598,47239628964,49952375101,51075328001,53535722199,55756391150,60475305437,63730602455,66342409470,67843882010,68487367879,69572465507,71906692004,74127360955,78455133043,82669355855,86025583726,88965444955,94340771371,96489129131,1.01345E+11,1.03743E+11,1.09797E+11,1.15509E+11,1.17884E+11,1.21927E+11,1.22622E+11,1.17467E+11,1.22659E+11,1.24717E+11,1.2784E+11,1.32849E+11,1.39934E+11,1.4652E+11,1.56333E+11,1.67121E+11,1.73049E+11,1.75907E+11,1.82893E+11
0,0,0,0,0,0,0,0,0,0,0,0,0,0,0,0,0,0,0,0,226706744.3,235468781.3,250500221.4,262576907.1,273369511.9,279603353.3,284824140.2,289489534.3,297269619.7,287814438.2,302468201.5,286148230.5,310559317,319894535.9,303014718.4,313953942,309898698.1,322388671.4,326523829.8,332806552.1,337525258.7,348762178.5,363233767.3,372222414.5,371329326,387036131.7,391843702.8,393767619.8,397606567.6,404804114.4,413107576
11510596205,10261538121,12437055778,13085522639,12766206633,12893530240,13767129487,13631421569,14222029962,15548780017,15510676710,16442095648,16466945494,17806906279,18364366773,17449521784,16523126309,16648833197,15758904526,15826681725,16174063607,16554238866,16478473822,16711101045,17637075523,17719590749,18555460994,19051938786,19141555550,18899213764,17657854685,16170877649,14472934111,12523567301,12035148577,12119394476,11995392147,11321605380,11137725069,10662128523,9925276570,9716828589,10003257879,10561221829,11272876448,11964484458,12601112231,13389876049,14223515574,14629606048,15665220568
969967177.3,1050966485,1105641007,1061091410,1101591107,1142090749,1157611562,1182109772,1272320425,1368361853,1455368733,1568203993,1703344769,1843550296,1988923838,2142699411,2162332681,1968729782,2093936015,2299418662,2704958060,3181564163,3932340129,4162537858,4452921954,4400125402,4098209635,4105970686,4178492945,4287128602,4330000041,4433719452,4549525901,4504954960,4257494372,4427169333,4617116216,4588267914,4759756848,4636850437,4988137317,5177816322,5415057137,5459095852,5648888504,6087002682,6466587987,6364272161,6718906218,7220733129,7852666838
2457830671,2434335273,2632692702,2758659454,2873117673,3155534144,3403897025,3596221493,3897765304,4115172122,4423939014,4723815961,5110131762,5504067517,5809262556,5931261198,6258522354,6815810877,7243004557,7600745530,7657895187,7484699978,6939397008,7138071438,7580753471,7659700366,8102810165,8659913989,8990670134,9446108070,9814970826,10067404021,10988774466,11803447102,12361703107,12846391835,12960285643,13683234534,14832331750,16051875834,16340941962,16516835260,16996184390,18084706852,18855016400,19964893807,21717739802,23441116407,24081438730,23836839014,25017792423
0,0,0,0,0,0,0,0,0,0,0,0,0,0,0,0,0,0,0,0,0,0,0,0,0,0,0,0,0,0,0,0,0,0,0,30497896081,32303460113,34417283066,35097632192,34731608391,36034178392,37351587214,39173696884,41277742637,42981868335,44821408831,47033452791,49413312273,50443252480,46938856453,45872253522
0,0,0,0,0,0,0,0,0,0,16892333636,18342347659,19227675196,19888047525,20083843668,21987074318,23180524010,25199432413,26861586577,27153889924,25837077507,30923967748,33681839787,35504522668,38319930684,38931775261,38968878630,38032778857,39442098659,39710337776,38539452744,34418545682,30432670556,25904842931,26090562531,26731660101,28827088120,29629923680,29676063655,31513369131,33377657730,34439811630,34931815614,36256208104,38348509946,42644200000,47789566449,51260110221,53370400812,54143800237,55436887631
0,0,0,0,0,0,0,0,0,0,0,0,0,0,0,3003978335,3612773270,4203895306,4530849278,4979655581,5266147385,5398696204,5723790137,6043302466,6572568466,6893476791,7148807812,7653888844,8315703664,8976588017,9641214594,9712511376,10625487446,10699865858,11331157943,12022358578,12244632338,12532199642,13164231118,13802278123,14498299779,15081936318,15397335239,15695130499,16358201720,16997801392,17699013878,18607069376,19281876370,18960609562,19207097486
53152134466,55267221393,56007501817,54949958354,57530364405,59645451331,62225857382,64890866909,67915441214,69163342501,70559299873,72970498969,75550905019,78067858462,80902074944,83292123171,84624627935,88452935272,89531629605,90293060898,92788863472,92323544348,94121368235,95538476476,97780468618,98541899912,1.00361E+11,1.00868E+11,1.0311E+11,1.03957E+11,1.01017E+11,89283537374,88831278445,88886268781,91472245409,97163105175,1.01574E+11,1.00708E+11,1.0047E+11,1.02158E+11,1.06434E+11,1.0973E+11,1.12089E+11,1.1631E+11,1.21826E+11,1.30066E+11,1.39198E+11,1.47181E+11,1.51742E+11,1.44903E+11,1.48481E+11
78889957009,83922215207,88677937906,89242835201,97515590885,1.01958E+11,1.04752E+11,1.08336E+11,1.12643E+11,1.19765E+11,1.22191E+11,1.25859E+11,1.31114E+11,1.36043E+11,1.34933E+11,1.33284E+11,1.41406E+11,1.44204E+11,1.47484E+11,1.5331E+11,1.52563E+11,1.5121E+11,1.56826E+11,1.60984E+11,1.6769E+11,1.74439E+11,1.83072E+11,1.83603E+11,1.83341E+11,1.84391E+11,1.87355E+11,1.89792E+11,1.93541E+11,1.93368E+11,2.04052E+11,2.10307E+11,2.16268E+11,2.23185E+11,2.28007E+11,2.33845E+11,2.42097E+11,2.43803E+11,2.44939E+11,2.45879E+11,2.51525E+11,2.57676E+11,2.66423E+11,2.70641E+11,2.6852E+11,2.53304E+11,2.56817E+11
0,0,0,0,0,0,0,0,0,0,0,0,0,0,0,0,0,0,0,0,0,0,0,0,0,0,0,0,0,0,732965339.4,701611891.8,701485833.1,655041288.9,648901308.7,626265935.8,600491968.9,596013066.2,596605375.4,609605443.5,612142706.5,624677946.7,641035528.6,661548404.8,686862396.3,708633194.7,742646629.2,780522063.1,825792051,867077550.6,905664174.7
0,0,0,0,0,0,0,0,0,0,0,0,0,0,0,0,0,171610539.7,191813385.4,156435006.9,178743708.6,200343773,208626816.7,214242432.4,225868083.1,228769484.5,244961176.3,263379047.8,285921733.4,285226466.7,300214833.6,302039898,308223749.8,313404834.4,317890652.4,324168097.7,332731922.3,337692361.3,354502968.8,356925278,336914785.6,336693033.9,329516383.8,353875285.2,364596349,361615917.8,396014551.5,419338001.1,452332573.9,446961364.4,452332573.9
3594124891,3510983850,4109509719,4376747144,4672828184,4089573528,4640166911,4794570427,4806022758,5329468131,6300853381,6985848524,7711969080,8706486391,9229041247,9708328742,10361517010,10877705400,11110562776,11614026721,12539518149,13076192900,13298319325,13913758401,14088083322,13789058823,14274708541,15718933250,16057827683,16764458627,15850072671,15999719376,17681798991,18958888384,19395560193,20461080370,21920235177,23674790957,25334535314,27035839067,28565149660,29081958770,30765282834,30687336281,31089941311,33969724872,37594686814,40780695459,42923985853,44406603700,47848657632
7192460807,7303446182,7636401803,7932362635,8552030012,8955512517,8925106256,9337542015,9515836628,9960153686,10644608408,11314431696,11882149226,13539790095,15057398772,16709519754,17945554280,18233552093,19274108992,19993813550,20735320708,21899166084,22033812090,21959587058,22536086226,23422881538,24234433442,24171642338,25595465023,25852898565,26804263013,27954525716,28545571237,29108837610,30348364824,31031976543,31569372026,32935651754,34011504503,32399568091,32753307083,34068558675,35464271435,36429920044,39421188399,41507085000,43334860460,44283921626,47099108359,47365920848,48764673105
0,0,0,0,0,13033211681,13170926594,13253368028,13614047376,14541511197,15355619970,15883993355,16206263154,16320557310,16726204573,18221388896,20886676573,23567890612,24930046329,26435536216,29082086364,30174433052,33163865668,35618369612,37788068039,40282855131,41348971434,42390726331,44637739581,46857296986,49528984459,50063321953,52282126435,53798721548,55936237386,58533054147,61453110511,64827581620,67444260767,71562043412,75403498185,78069182010,79919803451,82472056518,85846872131,89685724889,95823670784,1.02615E+11,1.09959E+11,1.15112E+11,1.21036E+11
0,0,0,0,0,6483467827,6947757880,7325496862,7562600703,7826188944,8059197651,8370142402,8882188675,9314011730,9811007300,10097835421,10607701254,11326910064,11929814921,11431117039,10085523883,9031492212,8461985015,8591877513,8706747081,8760432531,8777024354,8997642562,9166569518,9254769533,9701919257,10048899935,10806922371,11603341038,12305385811,13092508549,13315812945,13881247970,14401617944,14898343923,15219053495,15479137440,15841476610,16205836634,16505731408,17093800000,17762500677,18444538993,18679564344,18094324948,18341273340
0,0,0,0,0,0,0,0,0,0,0,0,0,0,0,0,0,0,0,0,100439987.1,106234792.3,108573738.2,114007188.4,115160236.2,130021870.6,126991637.6,132625923.2,136147489.1,134473994,132109182.7,130758711.2,176191243.8,195630799.1,228240175.4,268150854.3,446685685.9,1116593446,1382057758,1736749274,2053076966,3354314589,4007159270,4566368377,6301530224,6915849240,7002971458,7922907432,8895206919,8177989885,8071655046
0,0,0,0,0,0,0,0,0,0,0,0,0,0,0,0,0,0,0,0,0,0,0,0,0,0,0,0,0,0,0,0,588667473.1,667871279.4,809602988.5,832744508.7,909846989.5,981803916.9,999207202.3,999341902.6,967942712.5,1052690320,1084328177,1055533675,1070857220,1098425900,1087779776,1103300455,995364243,1033949557,1056636372
0,0,0,0,0,0,0,0,0,0,0,0,0,0,0,0,0,0,0,0,0,0,0,0,0,0,0,0,0,0,0,0,0,6926122807,6812366477,7117569022,7536786433,8421330572,8994797077,8970398369,9840273584,10458404578,11144520736,12009935868,12771706520,13905561150,15309653398,16456683847,15773508424,13549705747,13897254467
0,0,0,0,0,0,0,0,0,0,0,0,0,0,0,0,0,0,0,0,0,5607927671,5659299345,6125347157,5950898587,5287712478,5798578478,6602238196,6635475390,6611528737,6791787147,6307037427,5760042173,6517075127,6724982985,7137056860,8023901607,8275375764,7989197153,8401631900,8911851185,9651662440,9797857695,9586117909,10887180466,12173919387,13492918145,15038669490,16661124577,18127717314,20402844450
0,0,0,0,0,0,0,0,0,0,0,0,0,0,0,0,0,0,0,0,0,0,0,0,0,0,0,0,0,0,0,0,0,0,0,0,0,0,0,0,0,0,0,0,0,1730894295,0,0,0,0,0
692189289.2,716537626.7,742376703.5,789582749.8,828092890,805732170.9,805732170.9,913312169.8,985611982.4,1011202566,1139652635,1218163170,1309346059,1461398697,1499411893,1507361910,1548605776,1640035635,1670596110,1874823486,1844761473,1961534727,1844264615,1771229537,1919889262,1831315609,1973240854,1842710597,1860322412,1998704954,2114629842,2057534836,2183044461,2229544006,2343250751,2401832019,2517119956,2461743317,2493745980,2713195627,2667071301,2720412727,2807465934,2835540594,2985824245,3006725015,3062424094,3036373447,3067732954,3028700115,3032066121
45687552936,49161940787,50627923085,52291100802,55030467692,57948655142,59323674168,60610303148,62006334189,67954780272,71579425592,73266495560,78934014795,84446630548,87179774177,88753279936,89058931051,89272236510,91878725168,98422260315,1.03726E+11,1.05061E+11,1.08264E+11,1.11538E+11,1.15004E+11,1.18802E+11,1.2194E+11,1.26196E+11,1.32785E+11,1.39528E+11,1.40233E+11,1.31819E+11,1.27225E+11,1.26194E+11,1.30804E+11,1.35987E+11,1.40841E+11,1.49582E+11,1.57107E+11,1.63248E+11,1.71939E+11,1.75865E+11,1.79091E+11,1.82695E+11,1.90231E+11,1.95778E+11,2.04413E+11,2.15319E+11,2.15951E+11,1.97512E+11,2.04154E+11
5.20325E+11,5.48976E+11,5.85604E+11,6.16918E+11,6.5713E+11,6.88528E+11,7.24428E+11,7.58391E+11,7.90691E+11,8.45964E+11,8.94414E+11,9.42096E+11,9.84849E+11,1.04995E+12,1.09921E+12,1.08686E+12,1.13453E+12,1.17507E+12,1.22084E+12,1.26295E+12,1.28362E+12,1.29619E+12,1.32752E+12,1.34388E+12,1.36396E+12,1.38593E+12,1.41719E+12,1.45104E+12,1.51877E+12,1.58238E+12,1.62384E+12,1.64071E+12,1.66496E+12,1.65385E+12,1.69102E+12,1.72564E+12,1.74406E+12,1.78215E+12,1.84236E+12,1.90301E+12,1.97304E+12,2.00926E+12,2.02792E+12,2.04616E+12,2.09823E+12,2.13656E+12,2.18926E+12,2.23929E+12,2.23748E+12,2.16707E+12,2.20445E+12
1392173996,1597754147,1716774234,1821367593,1904320936,2063014391,2156015174,2244738494,2301054513,2487046689,2702905981,2980189832,3318053080,3655911632,5099524938,6078129633,8243483857,7206281203,5473227787,5499193068,5639584011,5926939387,5743351230,6065452190,6520901070,6368771752,6317592446,5234375379,5906749386,6411499432,6744399695,7156651361,6935500411,7209213749,7476874182,7848762521,8133284010,8600001728,8899095476,8104172845,7951573993,8121076102,8099380302,8299855530,8411572880,8665736618,8768095232,9255018589,9347550944,9076471967,9684595588
0,0,0,0,0,0,142052227.3,142052227.3,155655349.8,159446374.8,169258458.3,169146955.9,169555793.3,185240260.9,196130154.3,220437407.1,236642256.3,244781748.5,260243253.1,256786749.2,272887480.2,281952513.2,279796754.2,310247672.2,321215727.3,318606602.4,331641025.1,339780600.9,354991988,375921330.5,389299915.6,401395617.4,414957527.3,427456465.5,428116228.6,431891565.5,441494869.4,463128113.4,479337590.2,510015196,538066031.7,569273861.6,550772458.9,588610526.9,630107569,624173996.3,631190333.8,654109017.9,691619828.2,736227203.5,784275580.7
3919840354,4144448284,4256754572,4159566528,4697330771,4964049493,5338121944,5671754537,5924506941,6207588771,6955734612,7127606360,7329807533,7804981509,8492467092,9119291479,9675346112,10342611297,11110977068,11929894539,12475838269,13132993488,13395855389,13972129951,14730386695,15458311669,14194551992,14376532298,15175228901,14083340503,12000664293,9468524098,5217156805,3688529785,3304922863,3390850767,3770626132,4167259788,4296649223,4419931116,4501184529,4717486779,4975714429,5525933957,5849606157,6411147323,7012723011,7878373539,8060682813,7756329650,8241335083
8.7677E+11,9.12885E+11,9.51827E+11,9.78657E+11,1.03814E+12,1.09077E+12,1.12311E+12,1.12659E+12,1.18601E+12,1.26443E+12,1.3236E+12,1.36506E+12,1.42377E+12,1.49179E+12,1.50507E+12,1.49202E+12,1.56586E+12,1.61828E+12,1.66696E+12,1.73615E+12,1.76061E+12,1.76993E+12,1.76294E+12,1.79066E+12,1.84121E+12,1.88407E+12,1.92716E+12,1.95419E+12,2.02663E+12,2.1056E+12,2.21625E+12,2.32946E+12,2.374E+12,2.35021E+12,2.4083E+12,2.44869E+12,2.46805E+12,2.51093E+12,2.55768E+12,2.60553E+12,2.6852E+12,2.72587E+12,2.72614E+12,2.71591E+12,2.74744E+12,2.76625E+12,2.86861E+12,2.96238E+12,2.99447E+12,2.84039E+12,2.95436E+12
3203942162,3313826985,3449997351,3602003350,3681583434,3731984225,3573065543,3682950289,3696535249,3918555594,4299575287,4523846484,4411308786,4538556665,4849562039,4246682511,4096766829,4189931719,4545067634,4430761850,4451661567,4295716859,3998296446,3815824683,4145800765,4356889102,4583410740,4803180643,5073511803,5331544145,5509021559,5799998499,6025004753,6317217484,6525685661,6794049194,7106742655,7404967010,7753029398,8094162423,8393646433,8729392290,9122214943,9596570120,10133978047,10731883141,11418723662,12156343018,13181184012,13707278823,14804825657
44655044699,49633875608,50395020474,55503087598,60086721422,65730463381,69739263468,73561977375,78464227915,86231974760,93091286362,1.00391E+11,1.10591E+11,1.1954E+11,1.11844E+11,1.18965E+11,1.27116E+11,1.30854E+11,1.40337E+11,1.44943E+11,1.45925E+11,1.43657E+11,1.4203E+11,1.40498E+11,1.43323E+11,1.4692E+11,1.4768E+11,1.44345E+11,1.50534E+11,1.56254E+11,1.56254E+11,1.61098E+11,1.62226E+11,1.5963E+11,1.62823E+11,1.66242E+11,1.70162E+11,1.76352E+11,1.82284E+11,1.88517E+11,1.96958E+11,2.05224E+11,2.12283E+11,2.249E+11,2.34723E+11,2.40076E+11,2.53298E+11,2.62255E+11,2.61691E+11,2.53483E+11,2.40951E+11
0,0,0,0,0,0,0,0,0,0,653551140.3,738910502.4,784555022.7,837951903.6,885767561.4,891491740.3,944617601.7,1027954739,1089803868,1142774860,1241922069,1250184336,1194930423,1236241760,1172209188,1215069700,1301307116,1373085564,1450027929,1546593179,1365339688,1363790513,1294077632,1229012276,1301823508,1350364329,1371019997,1391159274,1499085142,1519740810,1627666678,1648322347,1632314204,1626117503,1669494407,1702543477,1778629819,1876686744,1883178374,1781261019,0
0,0,0,0,0,0,0,0,0,0,0,0,0,0,0,0,0,214858858.2,226492873.4,240109346.7,239039236.8,241076550.4,252950665.3,260352247.7,272809424.4,294856431.9,319180852.8,354768866.2,366931087.6,389211324.2,409447354.6,418851985.2,417610394.3,406586879.6,417781875.3,428242874.4,445618429.8,466156329.9,496651849.5,546677094.1,560361759,548622286.1,568633139.7,623448904.1,617036322.7,700431791.3,673387225.3,708398016.4,715121074.5,667705822.7,664521216.2
4847547518,5055920243,5234722936,5734170147,5999833806,6261532723,6606674912,6878352984,7481311824,7835694764,8282947102,8745446530,9386754633,10023442657,10662440130,10870356726,11673378855,12584978771,13213811122,13836638315,14356892879,14449761685,13939672243,13581131113,13648588298,13565422132,13584827413,14066271415,14613785159,15189946709,15661224407,16234150955,17019614179,17687996888,18401484957,19312091178,19883300333,20751025445,21787233665,22625402103,23441923157,23988716400,24916273311,25546863813,26352108756,27211230374,28675122167,30482822556,31482993017,31648605447,32556756309
0,0,0,0,0,0,0,0,0,0,0,0,0,0,0,0,0,0,0,0,0,0,0,0,0,0,1444207442,1491865405,1585974015,1649468105,1720792141,1765763718,1823520919,1915501950,1991549276,2083313358,2176261948,2289027212,2372442139,2462879729,2524527100,2616883048,2752034838,2786396779,2851601733,2937072009,3010402725,3063316042,3214549894,3205542973,3267609255
0,0,0,0,0,0,0,0,0,0,282766965.3,271708041.2,289029051,292236963.5,305560751,329533777.4,345824132.5,321028300.2,363166614.2,370408680.7,311318674.8,367877582.6,383328743.2,370302130.8,404033777.7,420867816.3,417526767.1,429635043.3,449398255.3,476811548.9,505897053.4,531697803.1,537546479,548834955,566397673.6,591319171.2,659912195.1,702806487.7,505318007.1,510500232.4,529090818.9,567316991.3,578659667.2,550083470.8,545971135.4,572853553.5,561500515.3,595408533,614586641.8,632999657.6,654977405.7
431176684.9,451396820.2,456384420.4,400346541.4,445827039.2,492821750.8,518612462.9,540983443.5,546527590.7,584753843.5,609637791.5,628614906.6,607759532.5,615324433.1,662721889.3,718940729.7,729990225.3,710728121.6,697891030,685079870.7,696958400.1,707386054,614080882.3,572370134,543587140.3,556631424,551618389.1,556579626,536022173.4,509519022.8,494039402.5,523605733.7,564611637.4,610987922.9,663064313.4,696126779.7,751005702.5,797770440.1,784139996.3,807428021,796311937.4,814228950.4,822786502.9,814515398.2,841344922.8,824880550.3,867193700.2,835623363.3,852140687.9,880420034.7,918902044.8
0,0,0,0,0,0,0,0,0,0,0,0,0,0,0,0,0,0,0,0,0,0,0,0,0,0,0,0,0,0,0,0,0,0,0,0,0,0,4121791281,4232936327,4269984676,4225461660,4214412153,4229686472,4081168092,4154289832,4247885661,4389904330,4426952679,4563446595,4312557778
1628706546,1658929793,1754564544,1817385615,1915826953,2088963234,2201220820,2332799738,2486722137,2503021080,2593798671,2697421021,2852854649,3077370097,3039591021,3104355033,3430333823,3786535888,4165405357,4359697392,4388841128,4500019348,4437414344,4396396999,4587450833,4779583999,4814124944,5104483596,5339792770,5570784343,5576181344,5757520646,6081340636,6460210105,6376016958,6635073005,6873620449,7216869711,7426273349,7285951324,7704758600,7914574068,8211713918,8585103675,9120153346,9672006169,10307166801,10945000333,11408177875,11130745248,11546063423
0,0,0,0,0,16984732136,17289580702,17566841163,18163663847,20224035530,22086002754,23696688317,26211344138,29430071404,30140924923,30289210991,35185180123,39310866359,42558216284,47476485802,52275551713,57116689486,58801518083,62316127780,68531383111,69050269396,76684587906,86959203068,94360746937,96509285608,1.00206E+11,1.0592E+11,1.12524E+11,1.19502E+11,1.26715E+11,1.29722E+11,1.35247E+11,1.42144E+11,1.33782E+11,1.37136E+11,1.47645E+11,1.48473E+11,1.50933E+11,1.55546E+11,1.69078E+11,1.8157E+11,1.94339E+11,2.06903E+11,2.11306E+11,2.06109E+11,2.20058E+11
20338041038,21293928967,22592858634,23880651576,25003042200,35606935976,38241849239,41109987932,43124377340,46099959377,48266657467,51259190230,54386000835,58138634892,61568814351,65386080840,67739979751,72888218212,76095299813,78149872908,78306172654,80551010911,82839536453,83438438030,85656271499,85439503327,86750955979,90265436386,90206526325,90870829575,87693385842,77264852565,74897318131,74465828308,76660451360,77802328312,77927497631,80364432839,83638045597,86312535580,89959445223,93298922479,97503072960,1.01257E+11,1.06115E+11,1.10322E+11,1.14621E+11,1.14753E+11,1.15779E+11,1.07907E+11,1.09265E+11
2696572652,2694289682,2918285186,3218383625,3537536054,3798313636,4130131788,4077792203,3854536899,3946066271,4240307071,4794126693,5090275933,5436720608,5746955768,5784090015,6128785196,6669483618,7070767412,7414447888,7840624473,8175027664,8351164050,8171517008,8508928606,8789114129,9340239218,10138450434,10129353605,10155531892,10274287669,10251322015,9905453262,10035556385,10397725357,10409847411,10907965108,11443894117,12166781465,12664909049,13212623409,13730769906,13749850223,14084578352,15188217867,16286331747,17053250351,18073887420,18288616661,17088560999,16388138908
1.0266E+11,1.06482E+11,1.09603E+11,1.16173E+11,1.24831E+11,1.21541E+11,1.21473E+11,1.3098E+11,1.35417E+11,1.44273E+11,1.51714E+11,1.54206E+11,1.53353E+11,1.58407E+11,1.60285E+11,1.74951E+11,1.7786E+11,1.90763E+11,2.01661E+11,1.91098E+11,2.0397E+11,2.1622E+11,2.23736E+11,2.40043E+11,2.49215E+11,2.62309E+11,2.74839E+11,2.85737E+11,3.13247E+11,3.31877E+11,3.50241E+11,3.53943E+11,3.73347E+11,3.91084E+11,4.17126E+11,4.48722E+11,4.82598E+11,5.02142E+11,5.33197E+11,5.80362E+11,6.02654E+11,6.31726E+11,6.55756E+11,7.07301E+11,7.6334E+11,8.34215E+11,9.11496E+11,1.00084E+12,1.03978E+12,1.12795E+12,1.24368E+12
25368845644,26917592200,27431626752,26813582172,27739043789,28001754785,28799924716,29123922982,32628747847,35068525247,37927345080,40581259486,43780157516,48060177461,52028446733,55245588771,58553775539,63610751961,69466476316,74393471019,80884300569,87474907865,88440695318,95913852459,1.02793E+11,1.06368E+11,1.12712E+11,1.18686E+11,1.26229E+11,1.37696E+11,1.50091E+11,1.63491E+11,1.75296E+11,1.88012E+11,2.02188E+11,2.19165E+11,2.35915E+11,2.47003E+11,2.14579E+11,2.16277E+11,2.26918E+11,2.35186E+11,2.45768E+11,2.57516E+11,2.70472E+11,2.85869E+11,3.01594E+11,3.2073E+11,3.40018E+11,3.55757E+11,3.77899E+11
0,0,0,0,0,34933594755,38576127260,42675633603,48010947378,54207419717,59539283771,67267059202,78223762313,82552370509,90299614400,95495275387,1.12427E+11,1.10965E+11,1.02666E+11,95351605538,82736926789,78435741212,88598498208,99769183036,98199095329,1.00227E+11,91035417862,89757558861,84103526633,89299408462,1.01523E+11,1.14309E+11,1.19168E+11,1.1729E+11,1.16879E+11,1.19979E+11,1.28499E+11,1.32848E+11,1.36489E+11,1.39129E+11,1.46284E+11,1.51652E+11,1.6305E+11,1.7465E+11,1.8353E+11,1.92015E+11,2.03332E+11,2.19242E+11,2.20514E+11,2.29202E+11,2.42702E+11
0,0,0,0,0,0,0,0,0,0,0,0,0,0,0,0,0,0,0,0,0,0,0,0,0,0,0,0,0,0,0,0,0,0,0,0,0,0,0,0,48712653630,49835634708,46396886098,31039127982,47849228958,49954890353,55029407816,55787491919,59474411872,62929260570,67270649065
0,0,0,0,0,0,0,0,0,0,34390171277,35583471639,37892770735,39681850765,41372388628,43712678017,44322385905,47961830138,51408716710,52988525214,54620216343,56436456404,57725165082,57584141841,60091569885,61945764349,61680431733,64556646452,67924834088,71873929295,77959155611,79463486301,82120168572,84331343763,89185310017,97777799421,1.07264E+11,1.19355E+11,1.30015E+11,1.44279E+11,1.59642E+11,1.676E+11,1.76679E+11,1.83269E+11,1.90966E+11,2.02578E+11,2.1373E+11,2.24353E+11,2.19506E+11,2.05492E+11,2.03307E+11
0,0,0,0,0,0,0,0,0,0,0,0,0,0,0,0,0,0,0,0,0,0,0,0,744464303.6,747583036.3,890412799.8,978531137.8,1094285075,1169191221,1218144986,1237696066,1247440399,1279478111,1330704124,1387670243,1494742830,1623014607,1842271849,2094538117,2206352192,2324969356,2461421223,2617174516,2753267590,2915710378,3140220077,3375736583,0,0,0
11919768209,13255245432,14601463685,16163194335,17446098097,19032640271,19017481745,19587059145,22768380871,25857071889,27746533362,30860883031,35076738566,36249193676,38728732162,40013884491,40540408741,40537178837,42491684702,45162201533,48265428587,50750064449,51668050113,53482022860,53965369168,55825999344,58500864800,62705723981,63974976374,64531007264,68942004783,74250111042,78428755148,82786940802,88525587377,94304433160,99481786402,1.02836E+11,1.0707E+11,1.10663E+11,1.20905E+11,1.20635E+11,1.19941E+11,1.21754E+11,1.27652E+11,1.33959E+11,1.41453E+11,1.51243E+11,1.57979E+11,1.5995E+11,1.69011E+11
4.5227E+11,4.89389E+11,5.19749E+11,5.48905E+11,5.64262E+11,5.82702E+11,6.17575E+11,6.61909E+11,7.05228E+11,7.48233E+11,7.87968E+11,8.02294E+11,8.31903E+11,8.91183E+11,9.40199E+11,9.20547E+11,9.8614E+11,1.01139E+12,1.04416E+12,1.10638E+12,1.14433E+12,1.15399E+12,1.15877E+12,1.17231E+12,1.21013E+12,1.24399E+12,1.27957E+12,1.32041E+12,1.3758E+12,1.42241E+12,1.45066E+12,1.47298E+12,1.48527E+12,1.4726E+12,1.50428E+12,1.5477E+12,1.56526E+12,1.59447E+12,1.61756E+12,1.64103E+12,1.70099E+12,1.73267E+12,1.7405E+12,1.73969E+12,1.76979E+12,1.78628E+12,1.82555E+12,1.85628E+12,1.83482E+12,1.734E+12,1.76389E+12
0,0,0,0,0,0,0,0,0,0,0,0,0,0,0,0,0,0,0,0,0,0,0,0,0,0,0,0,0,0,0,0,0,0,0,0,0,0,0,0,0,0,0,0,0,11075778481,0,0,0,0,0
6.54852E+11,7.3372E+11,7.99086E+11,8.66798E+11,9.68012E+11,1.02435E+12,1.13332E+12,1.25892E+12,1.4211E+12,1.59842E+12,1.58206E+12,1.6564E+12,1.79576E+12,1.94001E+12,1.91624E+12,1.97548E+12,2.054E+12,2.14418E+12,2.25722E+12,2.38101E+12,2.4481E+12,2.55035E+12,2.63646E+12,2.71716E+12,2.83845E+12,3.01822E+12,3.10367E+12,3.23115E+12,3.46207E+12,3.64799E+12,3.85127E+12,3.9793E+12,4.01189E+12,4.01875E+12,4.05346E+12,4.13219E+12,4.24004E+12,4.3077E+12,4.22141E+12,4.21299E+12,4.3081E+12,4.32341E+12,4.33593E+12,4.409E+12,4.51308E+12,4.57187E+12,4.64926E+12,4.75118E+12,4.70169E+12,4.44183E+12,4.64847E+12
0,0,0,0,0,0,0,0,0,0,0,0,0,0,0,2210946733,2748418491,2927338930,3542200683,3865251789,4600103800,4816654490,5172365583,5275316137,5731137306,5929227780,6345113176,6528842770,6407921768,5545920726,5599924414,5702061344,6766775247,7080248426,7433136505,7892522373,8057120316,8322098023,8571437467,8863596438,9239396751,9726439550,10289832417,10718275428,11636053321,12582876895,13604621395,14716896920,15781283050,16645557913,17034536276
21316094257,22537512316,23148233982,22619725334,25544087623,26994504193,28304023875,29554783869,31287095307,31727502331,34164475117,35074656375,35274312951,38239794385,39349632218,39461212444,41310942167,42285721172,43348601800,43143081892,43195927702,43589352249,44663984815,46090922783,46684003906,47100932328,49038763674,49672963942,50729955966,51487463125,50242566463,44715884152,42345942292,38450115601,33605401035,30849758151,31004006941,31531075059,30931984633,31767148218,34880328744,39589173124,43468912090,47511520915,52072626922,57123671734,63235904609,68863900119,71136408824,71990045730,77245319067
2610786080,2407806994,2635521938,2866877021,3009202192,3069659898,3521776795,3640151886,3930733925,4243589861,4046031787,4943194503,5787612212,6128883407,6378060354,6434327806,6572920943,7194311601,7691617927,8277352017,8740219572,9070035621,9206673736,9327193720,9490906209,9899068497,10609579622,11239481763,11936687476,12496559752,13020421906,13207700727,13102105956,13148382236,13494550809,14089149936,14673404337,14743088617,15228167742,15579236184,15672664146,16265076196,16354023315,16833601049,17692838510,18737895401,19924122755,21317473473,21642980382,22234977835,23525253226
0,0,0,0,0,0,0,0,0,0,83583979.9,81669830.26,91534935.09,110674768.4,160813515.2,169408063.7,124060511.7,118338019.1,119591945.1,105737226.9,58743273.42,56704396.39,60552652.05,65992429.17,65185858.74,62179097.18,63146981.71,61212875.69,72380134.44,66185340.87,67597254.89,64678634.03,66737345.16,69057019.68,72438032.46,71735201.42,76122821.77,80363338.88,89188425.58,89321829.41,97813244.33,98501125.67,99070076.97,103062836.7,106332529.3,106147384.5,101362392.8,108981176.1,111982787.1,111238099,110681568.6
1588882424,1660807142,1691991286,1868533778,2046585179,2101911886,2215080150,2253305874,2300585060,2557602761,2678315576,2987139194,3090248056,3193356919,3605289399,3605289399,3716948753,3987546646,4207344562,4496049378,4712326504,4787772013,4831027438,4874785834,4986445187,5029700613,5238433188,5177573811,5105146122,5040262984,4637041945,4183418277,3047181214,2117532708,2170471026,2302869758,2482493599,2733225453,2752358031,2444093932,2574593079,3269061656,3246147143,3440271536,3530135757,3743116980,3870382958,4191624743,4493421724,4628224376,4776327556
0,0,0,0,0,0,0,0,0,0,0,0,0,0,0,0,0,0,0,0,0,0,0,0,0,0,0,0,0,0,0,0,32521196442,43575303261,47251388034,49546997977,49846820210,51079694118,52950260671,52002975618,54444297998,54841211342,56486447682,66269900421,73401995834,80797945205,86874151933,92079356886,94362781189,87685573780,85606896366
1049415847,1109547663,1139614193,1113595104,1257564825,1328970501,1393439662,1455016016,1540299701,1561981445,1681956420,1726765690,1736595013,1882589076,1937227670,1942720893,2033785215,2081774707,2134101544,2123983562,2126585222,2145953965,2198859363,2269109161,2298307227,2318833093,2414234760,2493903747,2823099793,2901857245,3067344263,2826525046,2433957213,2057683868,1644394795,1555205750,1665384339,1830510001,1869350407,1937689921,2042842032,2151553594,2151180234,2302414573,2464202014,2459876152,2536203618,2752868316,2984153744,3070285211,3055806771
0,0,0,0,0,0,0,0,0,0,0,0,0,0,0,0,0,0,0,0,0,0,0,0,855884512.5,899277548.7,943208455.3,929760261,911070210.5,1040356873,1110108419,1157804933,1222177241,1294439162,1400052693,1498493958,1602314471,1712426983,1780369375,1910449857,2021232686,2137482123,2263994326,2401350792,2554021362,2735550177,2971334529,3197061726,3447228698,3705832035,4021824832
3851833435,4072544550,4182902390,4087400501,4615834852,4877926161,5080280009,5675315198,6065381649,6342506510,6851267042,7381464724,7760550910,8209703046,8609181630,9201079219,9718205125,10029317540,10358730844,10674026281,11109792078,11579912197,11852069636,12470685691,13188231216,13138714946,13757331001,14079006049,14796550235,15637808798,14395610866,12582451749,8541148118,8115544429,8293267693,8214916165,8526335754,9232554282,9668587270,10122922708,10822812606,11693345404,12450199800,13346108625,14504256891,16041840426,18004275915,19800672593,18960420623,15556078264,15502642580
0,0,0,0,0,0,0,0,0,0,0,0,0,0,0,0,0,0,0,0,0,0,0,0,0,0,0,0,12505534889,7196795490,9106332759,12585016446,13151334251,14071660166,15197835962,16191006279,17022657944,16633386169,17230964402,17152895337,17383441662,18070698831,18680381901,19285138788,20727436194,21287562189,21628753523,23662740235,25815594485,28474836324,30751708804
168055018.1,171188915,197435266.9,218393175.1,236413052.5,241505630.1,240526279.8,266772651.6,265793281.4,269906528.6,275782590.3,289885325.5,289297707.4,365686409.9,405839113.2,350996056.6,389778055.8,474784885.3,561750654.2,578007259,562142227,566047082.7,580519785,593917904.6,623309411.1,639254132.1,674437886,674447564.3,732157857.2,772255486,815843017,847699258.3,909203391.7,939485291,989706352.7,1009476423,1062107255,1105499516,1124779319,1129301294,1187351202,1237566711,1244155212,1302520461,1332371324,1368405301,1427348620,1494911665,1580621946,1633698247,1749548111
618485285.2,633576246.6,642095313.8,656699496.7,690532405.9,723635117.7,779374242,831949158.2,871623764.3,935151758.4,997462776.9,1046386647,1089712240,1065128595,1115756279,1077055289,1134254808,1152266618,1207762323,1247193570,1196079048,1170521847,1142043737,1120380882,1096770912,1087521589,1069266479,1058556760,1036942114,760405677.2,372364097.5,319394516.1,207332774.8,138963980.6,108722153,104083835.9,116700058.5,240728658,312225058.2,383724605.2,482341824.2,588919365.4,776740913.3,521720470.5,495061641.4,542000000,595004024.7,688348492.1,760839799.1,865543488.9,960255604.2
0,0,0,0,0,0,0,0,0,0,0,0,0,0,0,0,0,0,0,0,0,0,0,0,0,0,0,0,0,0,0,0,0,0,0,0,0,0,0,34647204153,35929150706,34384197226,33937202662,38349039008,40036396724,44000000000,46596000000,49391760000,51268646880,52345288464,54963979226
0,0,0,0,0,0,0,0,0,0,985773610.9,1002228382,1018957821,1035966511,1053259114,1070840369,1121798186,1175180920,1231103964,1289688205,1351060280,1416111330,1393593658,1401099549,1461146672,1563727175,1626276262,1776394071,1876472610,1960763442,2004936942,2041049219,2114696282,2206307052,2357795295,2496328756,2668707808,2861525533,3083616037,3404648944,3514285118,3488522187,3453849096,3386928539,3489863115,3658356378,3974620150,4106814515,4180658707,4132268347,0
10503131934,11104964280,11405886680,11145473304,12586401580,13301068930,13946311807,14562601878,15416167984,15633170829,16833946467,17282422333,17380799612,18841988626,19388841772,19443820973,20355242881,20835548156,21359263961,21257997627,21284036474,21477889526,22007395893,22710494573,23002724904,23208159079,24162991518,24475482588,24996296886,25369545265,24756144249,23351068930,18386872060,15403259635,13898969284,14356256518,15100293918,16228155777,17466172080,17278719288,17840402458,19042080928,20349038400,22434139923,24083224893,25962254181,27998948427,30753989500,31654296590,26987911154,27346902406
6704843710,6961638092,7056224314,7298895527,7873014155,7815152728,7901580824,7918705984,8250014540,9072776771,9232451638,9478702939,10104126022,10944049369,11405063883,10655594830,10925642972,11097151152,11549356890,11820259615,11919654160,11853982764,11988086515,12346419627,13110285112,13476285751,14821749333,15407353381,16711321276,18348706804,19324845562,20995322030,21377363987,22275351798,23126475444,23457692882,23813112471,25227080535,26864647068,29126747252,31585584241,32380863553,33705292742,34266651744,35764313784,37643013481,39501069492,42103417400,41794135204,39471969358,40696164752
0,0,0,0,0,0,0,0,0,0,0,0,0,0,0,0,0,0,0,0,0,0,2909863161,3200849477,3472921682,3497232134,3731546687,4265157863,4597840177,4827732185,5213950760,5406866938,6125980241,6444531214,6721646056,6943460376,6915686534,6894939475,6577772259,6419905725,6785840351,6982629721,7604317315,8561385962,10862857121,11792570016,13493330843,15426747127,15949863116,16222998072,20684154509
2064343710,2157791367,2198307135,2427678658,2659010622,2730893436,2877926463,2927590953,2989018084,3322946427,3479781657,3881018453,4014981878,4148945303,4684145525,4684145525,4829218112,5180790418,5466361232,5841458823,6122455276,6220477295,6276676585,6333529356,6478601943,6534801234,6805995485,6726924390,6632823253,6548524317,6070830346,5696220006,5322263431,4924713991,4838135650,4784211926,4840895855,4910612192,5076530205,5296811614,5537765607,5287163001,5332288417,5482471528,5736161748,5985809060,6286933485,6673508620,7003848110,6939393955,7140636379
2424400469,2474067530,2530255329,2506739094,2606069103,2594283056,2647843389,2794231147,2985043216,3096123305,3259488876,3387566093,3344455197,3256881362,3322243042,3364059839,3260821605,3337907440,3249058821,3569242205,3598002117,3249039506,3190225582,3219004809,3273878503,3311720517,3376600625,3416379868,3532653521,3676746671,3791829924,3552583110,3594722156,3670087657,3667459571,3730254297,3810414292,3951151663,4106524239,4297851955,4502432506,4773380988,4168412795,4576287490,4816863089,5038577519,5291644767,5621880566,6022627278,5780892167,5759450979
499769128.6,537949480.2,541544945,534011629.9,548222230.6,622870874.6,705395263.2,756758971.2,742205897.2,785865119.3,789631754.9,917698683.4,974883691.4,997312466,1068879245,1133940042,1190611318,1249165955,1370898028,1431164813,1436986025,1360967751,1395038949,1446916389,1524475508,1594159013,1590734719,1616587964,1667951672,1690380446,1786601879,1942576365,1800127665,1974593163,1772391235,2068891331,2220265521,2304467295,2394232140,2467071340,2505954305,2381283984,2421765812,2554962932,2678920476,2754995877,2811804032,3078684118,3335412862,3636795274,3290262502
8050617387,8662302800,9218511848,9895040300,10425311871,11226482845,12104024568,12570894525,13573799826,14237359578,15089684604,15957859777,17455012562,19499728071,21120082497,21289395872,23751266744,25593527661,27296017990,29847950393,32069901582,34296178860,36333689756,38604636739,41601099817,41134232075,41608307752,43850431855,48208166846,52575094502,57311926117,62782615894,68360924084,75125201182,82045766867,90110112669,99123557887,1.06382E+11,98553019040,1.04602E+11,1.13868E+11,1.14458E+11,1.20628E+11,1.27611E+11,1.36267E+11,1.43533E+11,1.5155E+11,1.61095E+11,1.68879E+11,1.66323E+11,1.78672E+11
0,0,0,0,0,0,0,0,0,0,0,0,0,0,0,0,0,0,0,0,0,0,0,0,0,0,0,0,0,0,0,0,0,0,0,0,0,0,0,0,0,797726905.4,846371840.2,966162135,1086749513,992473987.3,1186855729,1312144503,1472207441,1418692085,1518834121
0,0,0,0,0,0,0,1516189623,1572416153,1576048426,1672769806,1715743196,1816011510,1789586440,1762226775,1967086504,2235071324,2376968117,2342181751,2585667406,2473815574,2364682056,2255016270,2363211200,2466474079,2186373474,2370800856,2358514528,2393455595,2675014673,2625455319,2667884327,2890206068,2828372901,2854172245,3031387936,3128950319,3340501587,3542037860,3780587487,3901566287,4373655808,4555307683,4894286121,5001251734,5305317555,5760422916,6008016157,6307126993,6588262258,6971653981
0,0,0,0,0,0,0,0,0,0,907509726.5,929779903.6,984063461.7,1024864263,1127723645,1348307452,1577750047,1769985735,1967536695,2173946445,2327203467,2404274918,2459199400,2444139462,2467172309,2530955579,2629288120,2737365326,2967693801,3210424577,3412404931,3625901709,3795990429,3966079149,4190206472,4455970095,4624287057,4867384847,5116867678,5358382432,5721155308,5632483775,5790846034,5798495016,5769315566,5980795756,6113803055,6375426572,6653622884,6477129705,6652772997
0,0,0,0,0,0,0,0,0,0,0,0,0,0,0,0,0,0,0,0,0,64582776.01,67702918.96,78202223.73,81225596.11,76143000.4,94830409.33,103710159,111788129,109897135.6,112838293.4,112937447.5,121002034.5,128269737.7,135809111.4,146963380.8,131821848,123325105.8,119817412.8,116945211.5,123834075,130475767.1,133888886.2,134116584.3,134042267,137556822.8,140146439.2,144420192.2,141632173.9,139507691.3,147320122
430018486.8,496799984.6,500409775.3,490482808.2,626301844.9,727376506.1,729056470.1,755062883.6,832052436.5,842440878.4,943415262.1,960801334,953759545.5,910031988.4,1020715640,968308276.6,1051060918,1031315754,1026110561,1075261665,1111510996,1149861332,1122955449,1164901676,1127311878,1161072169,1227410948,1250736472,1272254117,1333037144,1309424996,1332838656,1357817730,1437571019,1393570821,1530416694,1619468988,1553966381,1624200236,1749471965,1741942128,1776934208,1788746768,1895691080,2004640598,2184444849,2596630178,2638549707,2731347602,2698019947,2814034805
0,0,0,0,0,0,0,0,0,0,0,0,0,0,0,0,1740234081,1854177979,1925207942,1992908375,1792396710,1897831810,2002157068,2009841253,2104271347,2250612380,2469867789,2689464718,2872115591,3000359822,3215987783,3358631193,3577368721,3759172850,3914657611,4082507819,4310631982,4555798205,4832363771,4958526135,5406113153,5545243276,5662431638,5869498633,6206746377,6283796155,6531858624,6916550847,7297791188,7517201061,7826157632
1.27597E+11,1.33976E+11,1.40226E+11,1.51593E+11,1.69641E+11,1.81686E+11,1.92762E+11,2.04048E+11,2.23276E+11,2.30909E+11,2.45924E+11,2.55176E+11,2.76174E+11,2.97885E+11,3.15093E+11,3.33193E+11,3.47912E+11,3.59709E+11,3.91927E+11,4.29937E+11,4.69634E+11,5.10834E+11,5.07626E+11,4.86325E+11,5.03882E+11,5.16949E+11,4.97543E+11,5.06777E+11,5.13088E+11,5.34629E+11,5.61726E+11,5.85443E+11,6.06687E+11,6.31327E+11,6.61172E+11,6.23097E+11,6.59703E+11,7.05637E+11,7.38815E+11,7.5852E+11,7.98694E+11,7.93858E+11,7.94906E+11,8.06215E+11,8.40847E+11,8.66346E+11,9.09676E+11,9.38314E+11,9.51454E+11,9.06732E+11,9.53068E+11
0,0,0,0,0,0,0,0,0,0,0,0,0,0,0,0,0,0,0,0,0,0,0,0,0,0,170178128.6,172219857.8,176609575.5,182836849.6,189676642.4,203764573.9,211931490.6,229184102.4,227959064.8,244107684.5,236512167.6,222165923.3,228732584.3,231897630.8,242479649.9,246716222.8,248196311.2,252728016.2,244561702.7,249845592.6,249437348,244299716.5,238046565.8,240336472.8,246418335.6
2279974488,2410617652,2475940586,2419411176,2732201659,2887338559,3027405094,3161186679,3346475120,3393581160,3654240346,3751593549,3772948863,4090137459,4208845977,4220780624,4418628153,4522890746,4636576710,4614594252,4620246652,4587388143,5125530614,5348858641,5528433435,5235930850,5650019053,5717944112,5814718282,6107331366,5960755414,5007034547,3549987494,3507387644,2423604862,2389674394,2265411326,2301657907,2152050143,2078880438,2122536927,2252011680,2427668591,2587894718,2779659348,2988172424,3131146154,3227207950,3477795691,3269490341,3501430332
0,0,0,0,0,0,0,0,0,0,1773152211,1865853673,1952584329,2080551971,2173648579,2152506858,2247467470,2327325295,2419337295,2504841633,2547059672,2570553199,2633079065,2664543658,2704099225,2750304160,2817751648,2887760778,3020557387,3146323106,3229494716,3262278283,3306861753,3276639828,3349237850,3420146280,3458134885,3535501923,3659360037,3780138730,3927950920,4013883856,4055086247,4099186749,4200456593,4280072626,4496188311,5151842377,5667026615,0,0
0,0,0,0,0,0,0,0,0,0,0,0,0,0,0,0,0,0,0,0,0,1199663987,1299741590,1375569008,1457187287,1540434535,1684850188,1743123234,1832161486,1908712779,1847930580,1687279909,1531097423,1482580137,1514224071,1610777462,1646779850,1710950144,1768094794,1822381828,1843267456,1897693809,1987511248,2126729148,2352702754,2523359941,2739264542,3019984821,3288774582,3247053222,3453733410
1165743756,1218514049,1241393477,1370920561,1501554714,1542147248,1625177430,1653223180,1687911345,1876482114,1965047642,2191627783,2267277504,2342927226,2645157088,2645157088,2727080201,2925614592,3086877657,3298696877,3457376780,3512730235,3544466216,3576571220,3658494332,3690230313,3843374871,3798723084,3745583768,3697979797,3402141413,3069323231,2235679885,1553608055,1592448257,1689587600,1821375433,2005334352,2103595735,1905857736,1964939326,1986553659,2024298178,2074905633,2166201480,2257181943,2451299590,2713588646,2900826262,2735479165,2803866144
0,0,0,0,0,0,11119913929,12235112449,13445377876,14569702606,15256439770,16110326479,16502973375,17090365504,18046750882,19410764313,21509607810,22812911007,23322246521,24440265386,25330420141,24630201036,26999376531,26848843612,28013106168,29784970595,32256917373,31436080475,34710026167,35531478461,36964977160,39514840023,37922021905,37538150994,41426365358,38700738303,43428764301,42461291998,45712158447,45954166440,46686017639,50211723276,51876762054,55153800019,57802211816,59523857868,64142821236,65878381261,69559043368,72868904039,75523499824
0,0,0,0,0,0,0,0,0,0,0,0,0,0,0,0,0,0,0,0,2498193801,2623103563,2442109431,2058698201,1924882819,1944131588,1899416635,2178630888,2357278518,2510501731,2535606568,2659851265,2524073264,2742523829,2928069006,3007149771,3229678854,3560351477,3944233625,4264417578,4310941607,4823897320,5249218334,5565417082,6053514254,6578515331,6994357707,7503686869,8016160099,8523905205,9127794919
0,0,0,0,0,0,0,0,0,0,0,0,0,0,0,0,0,0,0,0,3539695379,3574081732,3559853643,3494941479,3486662258,3502846343,3669836474,3800253990,3831155715,3902364447,3982263796,4307440024,4617116643,4544187475,4622796445,4803039937,4956320517,5165482217,5335508480,5515276621,5707880191,5775116094,6051666841,6308245066,7082238229,7261366632,7774975823,8192806458,8507891754,8383777606,8936748666
1696795926,1729175307,1762208088,1795603899,1930856839,1907624982,2041934049,2009845107,2023421278,2113735100,2168184750,2142266632,2209058228,2198531265,2337777229,2371826270,2476151906,2550856752,2663240903,2726329826,2663095490,2885250227,2994294642,2905142338,3186392946,3382193773,3536612921,3596580376,3873402287,4041106970,4228413747,4497685494,4682378749,4862643307,5262158213,5444673640,5734781324,6024308211,6206024811,6479870202,6881622155,7211923684,7220597241,7505452529,7856903093,8130258976,8403810872,8690511945,9221036339,9639033175,10103288981
1.52734E+11,1.53186E+11,1.63669E+11,1.69601E+11,1.83636E+11,1.99508E+11,2.04976E+11,2.15799E+11,2.29645E+11,2.4441E+11,2.58329E+11,2.69516E+11,2.76272E+11,2.92252E+11,3.0469E+11,3.05065E+11,3.1967E+11,3.25812E+11,3.33406E+11,3.40147E+11,3.51205E+11,3.48453E+11,3.4413E+11,3.51253E+11,3.62007E+11,3.71348E+11,3.81697E+11,3.89069E+11,4.02457E+11,4.20247E+11,4.37826E+11,4.48505E+11,4.56157E+11,4.61894E+11,4.75571E+11,4.90389E+11,5.07095E+11,5.2879E+11,5.49537E+11,5.7528E+11,5.97952E+11,6.09467E+11,6.09933E+11,6.1198E+11,6.25667E+11,6.38471E+11,6.60142E+11,6.86023E+11,6.98399E+11,6.72785E+11,6.83063E+11
0,0,0,0,0,0,0,0,0,0,46604594551,48368792011,50844842691,54810882066,58095939404,57089901944,57620159956,55352035790,55521240464,56748186925,57466669087,60133130695,60690910929,62787688457,65791709140,66853702300,68650332841,69387521047,69247225714,69363713354,69504008688,68733659766,69452992203,73907581605,77734668244,81211441686,84167846984,85850540709,86324994018,91110340297,93588040912,96895609679,1.01553E+11,1.06068E+11,1.09957E+11,1.13791E+11,1.16968E+11,1.20342E+11,1.1803E+11,1.17902E+11,1.20042E+11
2229504317,2394492361,2674536599,2940470538,3267190215,3561363484,3678928951,3935332413,3988182355,4236953361,4294314363,4436230996,4534747393,4825742767,5510632694,5502187821,5788821792,6273258216,5781510028,4250636194,4446664156,4685151658,4646903864,4861275374,4785143236,4589820796,4543128128,4511037609,3949421455,3882375573,3878762450,3871365169,3886288008,3871087236,4000289103,4236782511,4505575357,4684295806,4858161944,5199980787,5413262687,5573540925,5615562020,5757115340,6062943123,6322582497,6585100498,6933301087,7131016698,6934239960,7163269748
1589721887,1661996892,1832828791,2005632093,2008260271,2147227098,2139014015,2141642193,2149855276,2031915381,2094006222,2212931550,2098605480,1740843957,1893607159,1840715048,1853198840,1997091967,2266152426,2428114250,2373907943,2388363030,2427128603,2311817101,1922845667,2071338267,2203075936,2204718467,2356824677,2378835750,2348283045,2407088826,2250232216,2282847934,2374265988,2436133563,2519427238,2588811398,2858624118,2842365455,2802302048,3001387130,3091402393,3255246720,3258501967,3405134555,3602632359,3715991723,4072268866,4043246979,4381636015
25282089674,25330579581,26369891385,28632063876,30049490951,31517401624,30177749996,25426677236,25109260706,31185044925,38983564554,44533861861,46032097666,48514498439,53929043719,51109769452,55731294575,59088613437,55682652166,59446482582,61946106738,53813895881,53247135431,50557914889,49535867646,53658653550,48961280054,43697110037,46992974187,50032099652,56419202083,56070615711,56313808189,57490979534,58014011386,57835636304,60723777676,62425413646,64120663260,64424747539,67850915773,70843863904,73525054912,81137974799,1.0851E+11,1.12248E+11,1.21465E+11,1.29759E+11,1.37895E+11,1.47458E+11,1.59018E+11
62069685285,65963524894,67819702295,70386707247,73912835621,77819578965,80766227637,85819026649,87758429830,91711606114,93547070237,98802173069,1.04007E+11,1.08665E+11,1.12815E+11,1.18484E+11,1.25347E+11,1.30536E+11,1.35567E+11,1.41474E+11,1.47846E+11,1.50134E+11,1.50322E+11,1.56135E+11,1.65338E+11,1.7419E+11,1.81223E+11,1.84449E+11,1.8413E+11,1.85967E+11,1.8955E+11,1.95436E+11,2.02322E+11,2.0796E+11,2.18465E+11,2.2761E+11,2.39218E+11,2.52118E+11,2.58882E+11,2.64126E+11,2.7272E+11,2.78147E+11,2.82325E+11,2.85094E+11,2.96387E+11,3.0406E+11,3.1105E+11,3.19302E+11,3.19518E+11,3.14294E+11,3.15797E+11
704940592,712974140.1,856907875.6,895736458.6,896405927,900422707.7,947284856.1,1574568185,2863947367,3599012994,4099099277,4135918465,4542281737,3894913131,4342781591,5403875165,6513837765,6579446486,6336432560,6610910429,7009908149,8204892718,9154185523,10679883396,12464662218,14210611974,14495131089,13996385010,14831133228,16574809025,16553191309,17558645092,19036009022,20186347500,20968724849,22016494162,22687103318,24055932514,24691571565,24660754820,25992774105,27937448668,28654972868,28740937787,29718129672,30905071771,32604850718,34821980567,39279194079,39711265214,41935096066
9990157365,10588302694,11062961335,12024203406,12934406439,14282089563,15109015664,15924995067,17076885143,18017462837,20063068583,20157038489,20320997132,21756525987,22526748717,23475443734,24685882120,25660406266,27725692691,28767744986,31706572672,34217975331,36454970952,38926026806,40897710097,44002711157,46423587928,49418997064,53187333361,55825302177,58314321740,61265940644,65987031431,67146916956,69656476275,73113254939,76656748269,77434351269,79409108651,82315587438,85822303909,87523717381,90345858357,94724308605,1.01704E+11,1.09502E+11,1.16267E+11,1.21886E+11,1.23959E+11,1.27469E+11,1.29517E+11
0,0,0,0,0,0,0,0,0,0,0,0,0,0,0,0,0,0,0,0,0,0,0,0,0,0,0,0,0,0,0,163157633.2,152715544.7,133931532.7,143708534.6,159372764.9,175947532.4,179994322.5,183594212.2,173680124.7,176721604.5,180367856,189096116.5,189375532.3,204677361.5,206232630,203119114,206875511,195439698.8,174427465.1,180183623.8
0,0,0,0,0,0,0,0,0,0,0,0,0,0,0,0,0,0,0,0,0,0,0,0,0,0,0,0,0,0,0,0,0,0,2071399766,2190022581,2379077097,2925549260,3612829562,4252267096,3831909643,3633713918,3544287708,3907950640,4260046183,4636775200,4366186129,4239326487,3911328086,4675434406,4836140076
2080117513,2303758389,2496463345,2706730892,2829346477,3087790278,3319970658,3604355382,3854098489,4182792507,4449936856,4879172574,5102652334,5378497510,5509813838,5597465576,5689467728,5755206531,6315758990,6600465860,6672971945,7287339735,7677099946,7332293476,7530960008,7903157646,8185125554,8037052121,6961707083,7070466133,7643102673,8363007022,9048914099,9542599624,9814577812,9986497674,10267176585,10930537894,11733003525,12192609493,12523684388,12595604517,12876346336,13417894992,14427199829,15464700000,16783492680,18816420297,20537540273,21353735988,22603329668
1074726139,1141156187,1213894637,1263330710,1371601764,1512444910,1600374801,1665517476,1738127191,1881930433,2085984453,2217301213,2342435786,2495379654,2560522329,2537992678,2451994103,2472463739,2683855934,2733034772,2670080646,2662742471,2672140496,2758267936,2748483648,2858428227,2992575880,3075485010,3164958306,3120029186,3026048609,3314942415,3774031581,4460991577,4726068574,4569519969,4922912790,4730703072,4552397506,4636869693,4521187133,4515703442,4508527973,4606097122,4731437107,4901584516,5028265993,5390301145,5751451321,6067781144,6553203636
1086084144,1161027051,1199343945,1255836539,1308738369,1389461021,1417132184,1546804982,1616829986,1692839612,1786850202,1885808681,2010862265,2157711774,2338560935,2498809530,2686868674,2995699552,3356044161,3754143052,4193833765,4578427565,4514438650,4377081532,4500366387,4703924064,4937466164,5311839877,5626054969,6016233354,6264299673,6483152389,6593134402,6918595213,7286520563,7783665858,7906164370,8241584276,8247191448,8134528938,7946284059,7880007448,7878320971,8218723518,8552191582,8734651406,9154536117,9650860530,10264570562,9857508909,11148152913
18432730137,19787545497,21437864830,22235470542,23703074236,24873826645,26961954387,27979688224,28078887807,29144384074,30845505770,32135121273,33057327261,34834380277,38056586159,39351105280,40122671542,40284332447,40398230921,42739872694,44055208269,47218630542,46935318759,41396951145,43549592605,44768981198,49245879318,53185549663,48558406842,42877073242,40671801388,41552711708,41374547350,43346042279,48903715648,53113793292,54451315822,58188887384,57806032998,58334455861,60055668200,60184724671,63206108098,66467237081,69763372461,74147754854,79730264461,86522268198,94432830727,95423647019,1.03488E+11
18285558569,19312581469,20234394515,21663041395,22409762564,23589818186,24633902166,25945448114,27228558994,28496418338,29569195886,31174398531,32872402897,35804833861,37078811053,39142162953,42589268639,44975143138,47301303995,49968944163,52541800773,54340448045,56307206882,57362751055,53161685245,49277368854,50961069520,53158324737,56747864262,60269245791,62099602471,61740458951,61948896613,63259925559,66035532817,69125132155,73166099917,76960027260,76516181706,78874354389,82353669775,84736978728,87826402659,92191694324,98366358825,1.03066E+11,1.0847E+11,1.15647E+11,1.20449E+11,1.21832E+11,1.31131E+11
0,0,0,0,0,0,0,0,0,0,0,0,0,0,0,0,0,0,0,0,0,0,0,0,0,0,0,0,0,0,1.8014E+11,1.67502E+11,1.71715E+11,1.78134E+11,1.87562E+11,2.00601E+11,2.13117E+11,2.28219E+11,2.39588E+11,2.50427E+11,2.61095E+11,2.64242E+11,2.68056E+11,2.78422E+11,2.93303E+11,3.03912E+11,3.22838E+11,3.44744E+11,3.62417E+11,3.68909E+11,3.83206E+11
32929513000,34752129760,37050791232,39227044340,41702564014,44817323737,46644933610,50164052477,54616367586,55774639375,62809273608,66974566281,72343044054,80445950459,81365335358,77827870784,83198173639,87859432259,90333524100,95427374930,99806861749,1.01422E+11,1.03588E+11,1.03408E+11,1.01464E+11,1.04313E+11,1.08632E+11,1.15565E+11,1.24219E+11,1.3222E+11,1.37443E+11,1.43447E+11,1.4501E+11,1.42047E+11,1.43417E+11,1.4956E+11,1.55076E+11,1.6191E+11,1.7023E+11,1.77163E+11,1.841E+11,1.87736E+11,1.89171E+11,1.87448E+11,1.90372E+11,1.91848E+11,1.94626E+11,1.9923E+11,1.99213E+11,1.93419E+11,1.97165E+11
10420257940,11414327356,12273769272,13550194091,14513697764,15831603465,16949385242,18014042578,18869844251,20540695137,22325071666,25414240111,27291870971,28920189850,28935771849,28203417903,29691498793,31631457649,33719445493,35776269340,36321639300,36711189271,35597076354,35760687342,38378463147,39165354088,42367454850,44447651696,47345903480,49683203307,51560834167,52745066079,55152484900,57715723709,60130933530,62865574327,64322491218,67462263985,71094506695,73420027942,78056305221,79227149800,80946758094,82841747513,84487855833,82809000000,81641733092,80692782937,79204590402,77658180065,77337254438
0,0,0,0,0,0,0,0,0,0,0,0,0,0,0,0,0,0,0,0,0,0,0,0,0,0,0,0,0,0,0,0,0,0,0,0,0,0,0,0,30331513612,31340862181,33576549624,34748395458,41426516974,44530493222,56184301217,66289169475,77997848453,87324481188,1.01933E+11
0,0,0,0,0,0,0,0,0,0,0,0,0,0,0,0,0,0,0,0,82502704642,83134452827,86460279040,91734354437,97146679887,97050259969,99380223139,1.00176E+11,99676013950,93895103844,88636975206,77202801881,70377757160,71441400929,74277784315,79596003164,82786928871,77734629367,74011870572,73123725168,74659324662,78899950997,82871199517,87142617156,95094333148,99172613716,1.07817E+11,1.14566E+11,1.23573E+11,1.15171E+11,1.14089E+11
3.59821E+11,3.80439E+11,3.90748E+11,3.81826E+11,4.3119E+11,4.55674E+11,4.77779E+11,4.98892E+11,5.28134E+11,5.35568E+11,5.76704E+11,5.92068E+11,5.95439E+11,6.45497E+11,6.64231E+11,6.66115E+11,6.97338E+11,7.13793E+11,7.31735E+11,7.28265E+11,7.29157E+11,7.35799E+11,7.53939E+11,7.78026E+11,7.88037E+11,7.95075E+11,8.27786E+11,8.38491E+11,8.56334E+11,8.69121E+11,8.43047E+11,8.00499E+11,6.84178E+11,6.2487E+11,5.46325E+11,5.23688E+11,5.04835E+11,5.11903E+11,4.84772E+11,5.15797E+11,5.67377E+11,5.96268E+11,6.24553E+11,6.70119E+11,7.18207E+11,7.64001E+11,8.26293E+11,8.96818E+11,9.43883E+11,8.70057E+11,9.09242E+11
635637342,608320661.5,677266498.8,610755918.7,534625238.2,572099950.6,612197926,654537641.8,700445478,777546104.5,824209952.7,834155205.4,836349603.2,865104039.6,877300480.2,858755879.7,1026252583,1046717183,1142500606,1278114378,1392526222,1468226725,1494814056,1584209168,1517026449,1583817305,1670485966,1670084446,1745218623,1744581020,1702723443,1659910511,1757392494,1614890952,803439462.7,1086443608,1224918405,1394566572,1518106616,1633195743,1769056478,1922415174,2182143650,2213813873,2367594027,2581286407,2802031125,3015700542,3353128979,3562567319,3785756661
0,0,0,0,0,0,0,0,0,0,0,0,0,0,0,0,0,0,0,0,0,0,0,0,0,0,0,0,0,0,0,0,0,0,0,0,0,0,0,0,103268067.5,106562250,108682555.2,116002765.7,121278809,123258507.1,138841864.5,141612780.8,154463526.6,160677411.7,167926229.9
0,0,0,0,0,0,0,0,0,0,0,0,0,0,0,0,0,140821097.1,151219308.9,165109300.6,178683770.1,180668054.6,177821342.5,176089475.8,194347698.1,206786287.3,230955304.8,251064591.1,273831264.9,294690781.9,301379876.6,302564826.8,312577400.3,333387847.2,350405026.5,363257289.3,387026656.4,413229017.2,417954817.3,439732877.1,442651348,465830948.5,474740402,467862614.9,488252208.3,536410666.4,561475393.9,583382641.3,607497552.3,573472403.9,554642952.9
0,0,0,0,0,0,0,0,0,0,0,0,0,0,0,0,0,0,0,0,316288108.7,327390534.9,291961583.9,304372551.4,375906451.4,354074853.7,406751356.6,414622163.2,465072376.9,507225276.9,626650927,643432275.3,688612273.4,706329993,716368236,739921307.4,780004581.6,783153087.5,832907978.5,852552833.9,858219642.6,817056167.3,817964047.7,854355477.4,926092371.6,908558306.8,992976737.9,1043663957,1092483997,1091760737,1083804879
122790654.4,128349750.7,133091339.6,124752690.2,129330773.6,130475291.9,130475291.9,118049065.6,125733703.1,129330763.6,143228509.3,147479581.7,185575748.2,164974387.9,150422640.3,138977436.8,153398866.4,157749461.3,176527510.9,182444934,186141737.2,197551191.1,207027783.4,216135329.9,228870882.6,242870002.3,259052150.8,270811895,310375937.8,318113589.2,334164388.9,336222354.1,361518314.4,362087546.1,351213135.5,354731450.8,359485389.9,407206161.4,428279893.1,447145505.2,444626705.7,451959799.8,480253853.2,516680823.3,538180024.1,551431645.4,593735719.9,613237193.8,623313861.3,609998264.9,589844929.9
0,0,0,0,0,0,0,0,0,0,0,0,0,0,0,0,0,0,0,0,0,0,230518890.2,231512506.2,234493354.1,243684305.9,257098113.6,258340137.5,254614081.6,264053425.4,252378441.7,246573744.6,246080592,256169895.1,249657791.9,266027106.8,285378788,287671725.7,294560320,301280894.6,322447004.1,345313500.7,360535734,377711152.4,395811298.4,412220560.3,420413662.4,427981108.4,446978342,424067266.6,426326498.1
0,0,0,0,0,0,0,0,0,0,378697516,385582327.6,399812627.9,428302706.5,451859688.1,442415095.3,473939346,486073969.9,501823413.2,531728432.1,549966361.2,554609477.6,556903273.3,563414467.4,581589326.9,597863203.1,614961774.2,634591336.3,661207852.7,683612451.9,697646689.9,708341009.4,713818422,776289016.1,830491444.6,907661003.7,951757895.5,974643285.5,1047936461,1143061645,1168012513,1233508542,1236627401,1284969708,1344228019,1375416604,1428437199,1478338935,1506408662,0,0
0,0,0,0,0,0,0,0,50914079470,53988217137,60485414228,72547850908,89592076392,1.12544E+11,1.43485E+11,1.50985E+11,1.70189E+11,1.82108E+11,1.80333E+11,1.98052E+11,2.10964E+11,2.2086E+11,1.96348E+11,1.80215E+11,1.7465E+11,1.67098E+11,1.75603E+11,1.68608E+11,1.82474E+11,1.82588E+11,1.97795E+11,2.15802E+11,2.2579E+11,2.25849E+11,2.27352E+11,2.27809E+11,2.35518E+11,2.41624E+11,2.48473E+11,2.46613E+11,2.5861E+11,2.60025E+11,2.60358E+11,2.81935E+11,3.06239E+11,3.2846E+11,3.46777E+11,3.67557E+11,3.98531E+11,4.05821E+11,4.35992E+11
2770998153,2853946549,2850058465,2903197194,3015955256,3056133495,3144051151,3105700240,3301072808,3084715779,3348830547,3344127134,3557589755,3358960977,3500063387,3763816355,4099567732,3989580212,3831834953,4100127990,3964387195,4165362456,4492054525,4252790060,4412089554,4556959222,4698832844,4985197319,4955663464,5152792625,5117978392,5248784985,5314008867,5383132453,5382199629,5670872446,5784977493,5965702118,6317599349,6718584695,6933511418,7251129781,7298610447,7786393234,8243514644,8707015064,8921344357,9361923617,9706678739,9941888640,10366034228
12008229499,12551811904,12787490989,14121738711,15467390260,15885530571,16740817573,17029714515,17387034418,19329486230,20241792365,22575775559,23355037050,24134298540,27247543224,27247543224,28091426399,30136512651,31797670072,33979602244,35614150735,36184342069,36511251768,36841962742,37685845916,38012755614,39590284972,39130330630,38582946949,38092582401,35045175809,31616843393,23029552595,16003587396,16403677081,17404301383,18761836891,20656782417,20801379894,18471625346,19457893235,20489161577,21333869443,21904450412,23941564301,25234408773,26142847489,27554561254,28601634581,27598927748,27876766883
138500883.3,131738887.2,142816255.1,157291550.1,166602017.7,164835100.4,168301020.9,169150511.2,181926845.5,181926845.5,198067161.5,229464323.4,243939638.4,266026386.5,269492307,278055169.4,323316013.3,347551780.6,372313739.5,433776458.9,422722013,405653948.4,397252569.5,394776373.6,411799505.3,454326930,457642144.2,479921809.3,505552335.9,557597633.5,599198224.2,615738647.5,659905855.5,700722201.9,695125550.1,690812919.9,723266254.6,809872549.3,877854451.1,894715701.6,932323776.2,911149182.5,922984140.6,864593594.4,843169436.2,919103262,1005555295,1110310795,1086544423,1074514408,1135149256
712605063.7,725496399.6,758440952.2,771332288.1,822897693.5,881983029.8,896976741.3,897302178.4,915426999,993471240.8,1079113362,1116514530,1126565781,1151988070,1192305674,1212207838,1206762887,1207326153,1236378431,1292154746,1354740309,1393776184,1460423153,1429713352,1488232009,1409186940,1426605151,1529766804,1421459314,1431835967,1479802443,1514606814,1226635989,1243496706,1219281046,1121741571,1141414915,1074333024,1093510022,1071866336,1143174686,1061548359,1340402002,1466163678,1560255270,1627853086,1719916790,1858242120,1957187442,2020794843,2130751273
4165162923,4504108249,4824880150,5306640133,5111330553,5499650666,6097567301,6846564216,7778937559,8846571545,10074974657,11292156226,12819599763,14246158895,15167584392,15866659127,17046618018,18322753740,19917417055,21793549502,23978739654,26540590464,28444202005,30873474394,33590510927,33359730324,33802625453,37438733695,41600119611,45836334058,50440231927,53813208681,57627274168,64275956059,71298397428,76309281490,82056846139,88860275840,86882930552,92178622839,1.0038E+11,99424345537,1.03612E+11,1.08207E+11,1.1854E+11,1.27418E+11,1.38707E+11,1.51346E+11,1.54051E+11,1.53122E+11,1.76458E+11
23199439096,24122616139,24445728104,23984139582,25110415575,26033592618,27159868611,28323071685,29643214857,30187889313,30797186161,31849607990,32975883983,34074464664,35311521902,36354711961,36936313498,38607263947,39078084239,39410427974,40499776885,40296677936,41081378422,41699907041,42678474707,44171528592,46012009891,47143855627,48059173203,48639860454,47340697943,40441357835,37723097009,36327342419,38581646654,40836163392,43670753153,45610416615,47599465241,47617430668,48269023753,49949746300,52238889442,54733310534,57501614227,61328471583,66446582515,73419444099,77641412760,73812461137,76899962691
8503321284,8888245293,9055135423,9999948899,10952837704,11248933095,11854582759,12059157757,12312184728,13687682409,14333708718,15986459357,16538273495,17090087633,19294652411,19294652411,19892226746,21340402387,22516708624,24061788211,25219252014,25623018457,25854511217,26088695754,26686270089,26917762850,28034850008,27709145078,27321529293,26974290152,25006601688,22780987332,21536302788,22148669897,23328637531,24178396022,25060357219,26302682826,27227200955,28677216997,29900452543,30779416299,31957298602,32893663261,34341578807,35717733757,37807079252,40404497110,41854730758,38503063055,39034227961
0,0,0,0,0,0,0,0,0,0,0,0,0,0,0,0,0,0,0,0,0,0,0,0,0,0,0,0,0,0,307820555.5,326302656.2,367711919.6,382333834.6,417484918.4,451817174.9,459069644.8,452460539.2,460531836.3,458309305.2,392920101.1,361570715.3,351446735.2,374290773,392624923.5,413909879.3,442662749.9,475065668.8,508769179.6,484715221.7,522614190.2
59058131904,61329155393,65117623422,69919113029,75470579628,82184465498,85832177769,92009087962,95830560722,1.0035E+11,1.05617E+11,1.10136E+11,1.11959E+11,1.17077E+11,1.24232E+11,1.26338E+11,1.29181E+11,1.29059E+11,1.3295E+11,1.37989E+11,1.47125E+11,1.55012E+11,1.54418E+11,1.51566E+11,1.59295E+11,1.57365E+11,1.57393E+11,1.607E+11,1.67449E+11,1.71459E+11,1.70914E+11,1.69174E+11,1.65559E+11,1.67601E+11,1.73021E+11,1.78412E+11,1.86096E+11,1.91021E+11,1.9201E+11,1.96538E+11,2.04703E+11,2.10302E+11,2.18016E+11,2.24445E+11,2.34668E+11,2.47052E+11,2.60896E+11,2.75369E+11,2.85344E+11,2.80988E+11,2.89812E+11
27682549662,29049054968,29763185508,32600129318,35065103048,36885030942,41569429826,44105180893,49265403530,56211861138,63445502475,70069989869,74632134391,85668373573,93705701728,1.00581E+11,1.14115E+11,1.27601E+11,1.40741E+11,1.52549E+11,1.49664E+11,1.60746E+11,1.74073E+11,1.95279E+11,2.14532E+11,2.30559E+11,2.58779E+11,2.90521E+11,3.24397E+11,3.46301E+11,3.78497E+11,4.1526E+11,4.39201E+11,4.67E+11,5.07965E+11,5.53329E+11,5.93091E+11,6.27293E+11,5.9145E+11,6.54916E+11,7.12754E+11,7.45008E+11,8.0038E+11,8.23857E+11,8.64225E+11,8.98134E+11,9.44623E+11,9.96232E+11,1.02442E+12,1.03166E+12,1.09869E+12
1.87569E+11,2.09775E+11,2.30655E+11,2.52789E+11,2.66209E+11,2.82855E+11,3.03351E+11,3.16517E+11,3.37398E+11,3.6745E+11,3.83217E+11,4.01035E+11,4.33718E+11,4.67498E+11,4.93766E+11,4.96443E+11,5.12844E+11,5.27402E+11,5.35118E+11,5.3534E+11,5.47164E+11,5.46439E+11,5.53251E+11,5.63044E+11,5.73092E+11,5.86396E+11,6.05474E+11,6.3906E+11,6.71616E+11,7.04035E+11,7.30657E+11,7.4926E+11,7.56222E+11,7.48422E+11,7.66258E+11,7.87388E+11,8.06685E+11,8.37978E+11,8.75418E+11,9.16855E+11,9.63134E+11,9.98475E+11,1.02554E+12,1.05722E+12,1.09168E+12,1.1308E+12,1.17689E+12,1.21784E+12,1.2287E+12,1.18161E+12,1.17923E+12
3332160208,3472982690,3605581849,3696325279,3840721821,3938159559,4136004742,4402322710,4657706066,5017132469,5210123206,5278214364,5256548334,5627523302,5843949097,6201962245,6408804413,6735692079,7116517229,7572226339,8014901164,8471712183,8822568746,9247285287,9718818778,10204701126,10649171925,10832935172,11100800401,11356040647,12082827248,12638637302,13194737343,14105174220,14895063976,15714292495,16311435609,17356250909,18171716509,18953204376,20090396639,19779925100,20564131186,21785695912,22971940404,24405791045,26277298342,28063320620,29733112933,30785341651,33253082140
5324922246,5326114485,5694460217,5532340461,5470353444,5841083306,5632256048,5712463903,5824612249,5905536495,6255443888,6396023389,6071681934,6110066803,6809381652,7879371551,9192486098,9764612930,9185475102,8724492901,8857481172,9516261980,10083304252,10291272678,9775792399,9161770662,9657771532,11031192090,10994668721,11976645875,11321516845,12171865894,12972514450,13565195976,13701692886,14523396073,15383054014,17008540669,17741354368,18292062948,19452853127,20717358675,22048920055,23754314022,24676767057,26524992225,29194549147,32556515776,33534615575,34618501399,35822262376
0,0,0,0,0,0,0,0,0,0,0,0,0,0,0,1395635549,1345782121,1481588376,1594389070,1498300432,1420359001,1423979256,1395254529,1352805047,1299987094,1275834093,1230600049,1056304677,1148967820,1275566979,1269334082,1304648356,1302020403,1207563756,1246775480,1260446209,1276509061,1349735908,1370848485,1358907609,1357974205,1419803836,1480854590,1569856248,1715162651,1793557833,1862468799,1957668665,2038782836,2100225606,2188868338
0,0,0,0,0,0,0,0,0,0,392621531.8,446582007.7,470805936.5,513266382.9,542745756.1,618233249.5,605130192.6,611239522.3,619351465.1,638594363.8,718093329,823232531.7,832885510.6,842899723.6,894837165.2,928773105.6,1042682270,1194982597,1273490816,1437912554,1740133008,1770765898,1827894477,1884670954,1929916085,2023047113,2100773670,2165956587,2222358955,2287937987,2328209675,2355167498,2397023645,2450719228,2521953902,2584077931,2669418698,2762945840,2828084744,2863889135,2917342648
1.11593E+11,1.17933E+11,1.22956E+11,1.29507E+11,1.38341E+11,1.43628E+11,1.46631E+11,1.51565E+11,1.5708E+11,1.64949E+11,1.74915E+11,1.76567E+11,1.80609E+11,1.87775E+11,1.9378E+11,1.98727E+11,2.0083E+11,1.97624E+11,2.01086E+11,2.08808E+11,2.12357E+11,2.13323E+11,2.15987E+11,2.20092E+11,2.29401E+11,2.34357E+11,2.40664E+11,2.48736E+11,2.55101E+11,2.61873E+11,2.63849E+11,2.60826E+11,2.57804E+11,2.52479E+11,2.6261E+11,2.72953E+11,2.77353E+11,2.84865E+11,2.96844E+11,3.10676E+11,3.24508E+11,3.28604E+11,3.36765E+11,3.44631E+11,3.59225E+11,3.7058E+11,3.86504E+11,3.99314E+11,3.96864E+11,3.76911E+11,4.01625E+11
0,0,0,0,0,0,0,0,0,0,2.29436E+11,2.38787E+11,2.46429E+11,2.53945E+11,2.5764E+11,2.38875E+11,2.35522E+11,2.41254E+11,2.42241E+11,2.48276E+11,2.59702E+11,2.63861E+11,2.60406E+11,2.6207E+11,2.69954E+11,2.79871E+11,2.85073E+11,2.89593E+11,2.99084E+11,3.12037E+11,3.23503E+11,3.20541E+11,3.20401E+11,3.19997E+11,3.2406E+11,3.25618E+11,3.27197E+11,3.33879E+11,3.43007E+11,3.47796E+11,3.60564E+11,3.65047E+11,3.65723E+11,3.65801E+11,3.74657E+11,3.84755E+11,3.99189E+11,4.14541E+11,4.23513E+11,4.1531E+11,4.27575E+11
2586032301,2866178832,3569003061,3260186269,3562449997,3644364041,3365239812,3643130637,3778985901,4488222770,4317319364,4745424916,5933091222,5426098102,6735265268,8050299401,8932750608,8818970774,9588569808,9936860765,11127614848,12185596386,12444193186,12622042353,12108105370,12848524494,12213074636,12446044714,14097172986,12834318060,13814959082,14906516397,16914473908,17790472330,19151965990,20253206961,21144348067,21524946333,22889039012,22075641095,22681144450,23860777801,25268563691,25420175074,27174167154,28858965517,30301913793,32029122879,0,0,0
1591336390,1682520402,1728113352,1688657951,1906973936,2015253654,2113014824,2206389336,2335713695,2368591938,2550522241,2618471112,2633376318,2854762022,2937616099,2945946034,3084036164,3156807530,3236156054,3220813126,3224758288,3254129091,3334354947,3440881888,3485157897,3516283363,3639353281,3595681041,4095480706,3829274460,3806298813,3536051598,2510596634,2098858786,1651801865,1446978434,1205333035,1225823697,1290792353,1338551670,1449651439,1597515886,1770047601,1964752837,2167122380,2312319579,2474181950,2667168142,2877874425,2987233653,3181403840
0,0,0,0,0,0,0,0,0,0,0,0,0,0,0,0,0,0,0,0,0,0,0,0,0,0,0,0,6710811807,6963436520,7454015611,7608461936,7652919863,7745198833,7866617354,8147448660,8517698612,8817971184,9144986668,9587638986,10060678389,10664100660,11428029221,12214989201,13171215003,14141916592,15094712407,16173696879,17376505548,18422910392,19720449299
0,0,0,0,0,13891281477,15436342251,16766334225,18128141637,19315653927,21519173991,22572618345,23538390121,25947881155,27106778437,28454095649,31107955157,34170056328,37688118518,39712635427,41767183922,44234316288,46601891774,49204235975,52034676289,54452852462,57466180243,62936354015,71299407680,79991169384,88923910087,96534250041,1.04337E+11,1.12946E+11,1.23097E+11,1.34468E+11,1.42404E+11,1.40451E+11,1.25689E+11,1.3128E+11,1.37515E+11,1.40496E+11,1.47967E+11,1.58532E+11,1.68589E+11,1.76352E+11,1.85333E+11,1.94682E+11,1.99519E+11,1.9487E+11,2.10091E+11
0,0,0,0,0,0,0,0,0,0,0,0,0,0,0,0,0,0,0,0,0,0,0,0,0,0,0,0,0,0,0,0,0,0,0,0,0,0,0,371144646.4,421840176.8,490787279,457921709.2,447960068.8,449685707.3,479100000,463883005.9,517769990.2,593541208.3,669312426.3,732847298.6
430734646.5,483152112.8,501384596.1,526452293.1,601661327.1,694676439.7,760036594.5,801841431.1,842123473.8,933332758.5,956892901.9,956892901.9,1029857493,1069378110,1121059541,1148419460,1124859376,1203139300,1336031263,1266988606,1451676979,1403551186,1353270332,1280004171,1351115508,1426177434,1448803801,1456195050,1552920910,1615969836,1612032426,1600748723,1537027929,1305000845,1500521479,1618249878,1761241862,2014462254,1968132109,2016976256,2001173658,1968618439,1950464804,2047098587,2090477943,2115154090,2200868860,2251278746,2301380510,2382165793,2477349486
0,0,0,0,0,0,0,0,0,0,0,0,0,0,0,0,0,0,0,0,0,150050482.5,157164762.8,160280417.3,163066725.6,173761381.2,177442783.5,182740608.4,179301669.4,180000772.2,176321390.4,187632307,188105110.6,195136548.7,204800734.9,212402688.4,212424388.8,212144870.4,217912683.4,226371420,233999795.3,242427945.4,250709545.5,256116210.5,258649064.4,264812953.8,260554490.5,249773954.7,252028444.5,260189359,268854243
3777961786,4308276963,4426429880,4674513438,5031202188,5066111203,5271634288,5379308166,5659847082,5814399466,6019859211,6082485761,6434074558,6540650254,6789692210,6890041376,7331358769,8000110043,8801439129,9118235544,10065693683,10526421912,10951257830,9943369944,9371370567,8985330112,8690679069,8294047311,7969065635,7903234087,8022417041,8237563857,8101873218,7984479506,8268888708,8595908618,8935160553,9176808778,9889770420,10323791932,10957049280,11405701869,12319710568,14097881248,15211613866,16088526686,18299673444,19169615750,19819950200,18949495988,18988955441
0,0,0,0,0,4576582722,4734697601,4742365526,5236032892,5484630148,5740742212,6346975862,7473101958,7424179726,8023666105,8597847663,9275087451,9591469538,10209205664,10879697394,11686833736,12331254287,12270370234,12844858808,13583289664,14350551697,14142900948,15090669175,15101558405,15365337217,16586853813,17234495032,18579772979,18986638277,19590111684,20050806503,21483653272,22652566691,23736211695,25173352558,26358982267,27467386276,27939013107,29442020046,31095373940,32282960678,34108424910,36230688295,37948233465,39316894912,40735443535
64630194699,65377364579,69019817749,75277365502,79386799846,81628309489,90781140530,95077367346,1.01522E+11,1.05665E+11,1.09082E+11,1.15154E+11,1.23705E+11,1.27741E+11,1.34887E+11,1.44564E+11,1.59687E+11,1.65127E+11,1.67609E+11,1.66563E+11,1.62486E+11,1.70378E+11,1.76449E+11,1.8522E+11,1.97652E+11,2.06035E+11,2.20483E+11,2.41396E+11,2.46999E+11,2.47716E+11,2.70669E+11,2.72619E+11,2.86347E+11,3.08256E+11,2.93866E+11,3.17018E+11,3.40413E+11,3.66208E+11,3.74661E+11,3.62052E+11,3.86579E+11,3.64554E+11,3.87025E+11,4.07402E+11,4.45547E+11,4.8298E+11,5.16274E+11,5.40377E+11,5.43937E+11,5.17687E+11,5.65092E+11
2397480113,2534856382,2603545938,2544103108,2873014227,3036146593,3183431896,3324108334,3518946195,3568479992,3842573066,3944943671,3967399598,4300935502,4425762035,4438311771,4646355992,4755992085,4875537211,4852421818,4858365532,4902615080,5023481979,5183973641,5250679116,5297572210,5515525464,5586855723,6202729582,5938783643,8040195947,7669923765,6522044018,6619874678,5474645610,5080468865,5420859904,4802881844,5143886471,5992627726,6320368378,6594915418,6611876244,6828007144,7169435312,8104355717,8993168136,9987749546,11455535390,12154718693,13272686025
0,0,0,0,0,0,0,0,0,0,0,0,0,0,0,0,0,0,0,0,0,0,0,0,0,0,0,0,0,0,16044934.06,16624043.94,17087644.04,17790068.43,19619493.74,18637660.53,17526608.52,19279814.91,22268404.78,21920210.93,21707438.29,22062146.8,23801987.92,23008580.46,22697447.52,21839580.57,22306678,23723278.06,25617169.24,24481598.2,23813390.63
0,0,0,0,0,0,0,0,0,0,0,0,0,0,0,0,0,0,0,0,0,0,2657831725,2810512402,2800825221,2708219296,2718783706,2826499273,3060168047,3254854140,3465577959,3658059468,3783104996,4098097385,4360524614,4862998496,5304175292,5574688331,5848141593,6319147898,6517689669,6855544615,7454217784,7936748583,8477021579,9013834490,9985953500,10826014445,11768825183,12622188031,13362034649
58934954632,62311943730,64000473216,62539247119,70624553777,74634680291,78255253655,81713367632,86502879948,87720521778,94458288972,96974767388,97526779924,1.05726E+11,1.08794E+11,1.09103E+11,1.14217E+11,1.16912E+11,1.19851E+11,1.19282E+11,1.19429E+11,1.20516E+11,1.23487E+11,1.27433E+11,1.29072E+11,1.30225E+11,1.35583E+11,1.37336E+11,1.40861E+11,1.46317E+11,1.37033E+11,1.25507E+11,1.13334E+11,97211233882,74916765237,65776919878,59199227890,57423251054,56332209284,56219544865,59536498012,65013855829,68394576332,74823666508,83877330155,86142018069,92430385388,99732386544,1.02026E+11,86926349182,90577255848
0,0,0,0,0,0,0,0,0,0,0,0,0,0,0,39866240857,46454877261,56414491779,55517725165,67134016961,83162112377,87036782122,81188505533,77335444621,80441971766,77550503970,65950393699,68180823944,66395231082,74587002530,88257297532,89016382609,91993931546,93154150684,99578199286,1.06238E+11,1.12398E+11,1.21604E+11,1.21959E+11,1.25498E+11,1.39118E+11,1.41065E+11,1.44498E+11,1.57214E+11,1.72254E+11,1.80617E+11,1.98385E+11,2.04702E+11,2.11236E+11,2.01088E+11,2.04448E+11
7.06296E+11,7.24473E+11,7.34094E+11,7.63136E+11,8.01585E+11,8.23941E+11,8.40826E+11,8.60257E+11,8.94536E+11,9.12896E+11,9.37254E+11,9.56762E+11,9.91384E+11,1.06321E+12,1.04636E+12,1.04054E+12,1.06938E+12,1.09388E+12,1.13047E+12,1.15994E+12,1.13555E+12,1.12052E+12,1.14398E+12,1.18544E+12,1.2171E+12,1.26091E+12,1.3115E+12,1.37133E+12,1.44034E+12,1.4732E+12,1.48468E+12,1.46549E+12,1.48446E+12,1.53628E+12,1.61238E+12,1.66935E+12,1.72763E+12,1.80279E+12,1.8671E+12,1.92196E+12,2.0058E+12,2.04962E+12,2.09667E+12,2.17946E+12,2.24862E+12,2.32136E+12,2.38531E+12,2.46706E+12,2.44808E+12,2.3215E+12,2.36003E+12
2.79481E+12,2.85909E+12,3.0335E+12,3.16697E+12,3.35066E+12,3.5651E+12,3.79683E+12,3.89175E+12,4.07855E+12,4.20499E+12,4.33984E+12,4.4827E+12,4.71801E+12,4.98423E+12,4.95847E+12,4.94863E+12,5.21522E+12,5.45559E+12,5.75897E+12,5.94185E+12,5.92732E+12,6.08112E+12,5.96494E+12,6.24128E+12,6.69433E+12,6.97812E+12,7.22319E+12,7.47322E+12,7.78736E+12,8.07401E+12,8.22892E+12,8.22294E+12,8.51528E+12,8.74903E+12,9.10218E+12,9.34964E+12,9.70454E+12,1.014E+13,1.05912E+13,1.11045E+13,1.15588E+13,1.16684E+13,1.18757E+13,1.22071E+13,1.26708E+13,1.30954E+13,1.34446E+13,1.36852E+13,1.36455E+13,1.32631E+13,1.35956E+13
