0,0,0,0,0,0,0,0,0,0,0,0,0,0,0,0,0,0,0,0,0,0,0,0,0,0,0,0,0,0,0,0,0,0,0,0,0,0,0,0,0,0,0,0,0,0,0,0,0,0,0
0,0,0,0,0,0,0,0,0,0,0,1717.818,1941.633,1751.791,1825.893,1988.68,2190.432,2321.835,2594.031,2262.329,3071.557,2696.615,2691.515,2844.307,2957.473,2717.368,2913.6,2842.754,2915.285,2893.65,2672.799,1871.158,1358.193,1330.865,1415.323,1329.417,1418.8,1210.813,1306.228,1746.515,1763.357,1782.831,1974.729,1976.296,2171.629,2172.426,2068.171,2024.608,2060.872,2068.44,2059.103
0,0,0,0,0,0,0,0,0,0,0,3464.461,4020.576,4822.363,5186.443,5520.637,6300.599,7052.3,8683.243,11000.209,11205.269,12182.28,15868.711,17149.126,16997.021,17744.158,20043.602,19793.309,20895.566,20719.133,22187.446,23469.249,24117.207,24109.423,23238.845,24089.185,23477.277,24057.856,24887.684,26575.834,26997.878,27072.404,28773.003,30697.521,30973.89,32334.652,34657.65,36792.728,37424.646,40823.003,40104.652
0,0,0,0,0,0,0,0,0,0,0,0,0,0,0,0,0,0,0,0,0,0,0,0,0,0,0,0,0,0,0,0,0,0,0,0,0,0,0,0,0,0,0,0,0,0,0,0,0,0,0
0,0,0,0,0,0,0,0,0,0,0,3850.748,4145.619,4130.688,4219.849,4120.914,4072.554,4015.1,4416.958,4478.234,4563.057,4593.167,4530.724,4656.722,4704.76,4990.212,5047.687,5169.583,5379.489,5499.372,5883.156,6024.041,6057.633,6273.668,6359.436,6398.917,6630.11,6820.913,6855.517,7247.348,7499.003,7883.388,8304.163,9003.654,9675.667,9355.796,10006.357,10697.001,11584.237,12585.724,13378.087
0,0,0,0,0,0,0,0,0,0,0,0,0,0,0,0,0,0,0,0,0,0,0,0,0,0,0,0,0,0,98.827512,0,0,0,0,0,0,0,0,0,0,0,0,0,135,137,143,146,0,0,0
0,0,0,0,0,0,0,0,0,0,0,33654.963,34199.156,35601.624,36303.336,35948.219,37186.387,38204.614,38900.253,41111.993,41819.769,40836.332,41072.833,41797.67,43329.179,41340.906,43877.643,46271.233,47861.397,46507.351,46073.714,47487.982,49956.211,49934.367,53436.2,54036.996,55599.117,58532.488,60078.965,60415.907,60953.89,57835.495,55386.173,59047.312,67302.736,66973.091,73128.145,73672.983,77793.834,76075.126,78162.085
0,0,0,0,0,3655.328973,3890.110536,4074.348437,4203.96591,4321.657271,4532.695472,4759.451965,5039.898431,5268.696573,5545.640152,5826.645408,6091.998127,6355.769221,6615.52311,6782.289638,6702.053433,6796.991023,6976.806226,7096.888762,7353.002913,7641.636845,7268.959718,7347.231899,7787.601374,7535.849109,7708.06,8124.887,4130.597,2192.534,1378.554,1644.619,1781.05,1861.837,1896.287,1833.462,2014.6,2005.745,1876.378,1981.217,2094.755,2512.308,2558.59,2852.846,3004.093,2610.018,2483.124
0,0,0,0,0,0,0,0,0,0,0,0,0,0,0,0,0,0,0,0,0,0,0,0,0,0,0,0,0,0,0,0,0,0,0,0,0,0,0,0,0,0,0,0,0,0,0,0,0,0,0
31482.545,32662.796,34084.096,35960.358,37402.908,39439.099,41320.714,43571.441,45196.573,46512.759,50821.086,51613.84,53171.914,57055.949,58928.78,60377.192,61825.23,66293.609,66472.062,67981.445,69603.086,70077.435,73119.856,70104.557,72303.215,72824.35,74012.245,77496.59,78870.865,84039.167,86226.02,85155.422,86731.877,91174.201,91261.344,92558.819,98946.369,101289.616,103935.11,106191.638,108109.901,105750.7,109461.303,110814.216,112695.854,113503.112,115019.694,118654.986,122518.59,122107.911,122512.094
10897.338,11012.356,11948.751,13088.645,13400.766,13464.549,13932.108,14165.401,15170.64,16233.646,18056.983,18815.116,19821.049,21475.888,20748.697,20120.841,21690.178,21172.092,21877.917,23697.012,23154.201,21926.624,21436.496,21501.577,22334.118,23085.286,23175.597,24047.382,24307.62,23917.695,24841.985,26443.777,25406.733,25696.45,25630.794,26770.582,28445.158,28242.217,28723.398,28653.351,28557.85,30176.647,30447.265,32213.843,32690.156,33791.722,33799.276,33393.256,33545.198,31963.281,34228.207
0,0,0,0,0,9843.488486,10475.73517,10971.87208,11320.92086,11637.85364,12206.16147,12816.79733,13572.01569,14188.14953,14933.93491,15690.65805,16405.23024,17115.54325,17815.03827,18264.12628,18048.05704,18303.71585,18787.94282,19111.31483,19801.00835,20578.27486,22189.49488,21522.85656,21536.95099,21990.36869,22661.778,22451.937,18193.658,16303.757,14796.616,13903.351,11750.645,11320.937,11752.019,10929.278,11295.673,11444.623,11559.453,12158.397,12785.615,13426.63,13232.239,12113.341,13322.431,11937.174,11585.817
0,0,0,0,0,0,0,0,0,0,0,0,0,0,0,0,0,0,0,0,0,0,0,0,0,0,0,0,0,0,645.317343,0,0,0,0,0,0,0,0,0,0,0,0,0,664,696,706,709,0,0,0
0,0,0,0,0,0,0,0,0,0,0,1408.834,1368.393,2034.862,2269.482,2132.516,2719.571,2482.628,2537.426,3021.458,2805.253,3103.349,3500.962,3371.004,3595.281,4159.247,3554.037,3515.834,4077.183,4165.559,4350.016,4041.524,4323.798,4656.188,4948.05,4929.959,4964.949,5414.264,5814.687,5654.006,5864.682,6068.79,6433.173,6751.816,6969.621,7332.393,8092.774,8962.287,9771.063,9339.567,9471.72
0,0,0,0,0,0,0,0,0,0,0,5685.868,5872.825,6352.944,6561.746,6727.043,7155.203,7324.728,7576.223,7875.863,8402.371,8573.607,9056.775,9274.207,9409.032,9949.674,10653.274,10487.247,11525.01,12098.309,12735.601,12556.296,13253.018,13989.482,14611.203,15896.88,15990.833,16705.043,17404.365,17645.158,18591.247,20222.763,20755.718,21713.477,22554.296,23867.599,25331.879,26626.118,27873.15,29131.033,30755.83
0,0,0,0,0,0,0,0,0,0,0,0,0,0,0,0,0,0,0,0,0,0,0,0,0,0,0,0,0,0,321.98832,0,0,0,0,0,0,0,0,0,0,0,0,0,375,390,398,401,0,0,0
0,0,0,0,0,19654.57999,20916.99249,21907.63344,22604.5822,23237.40465,24372.14991,25591.41189,27099.36303,28329.60288,29818.71912,31329.67485,32756.46743,34174.75566,35571.44351,36468.14149,36036.71413,36547.19033,37514.05058,38159.73031,39536.84742,41088.82229,46942.28114,47961.15488,48693.3986,47223.1562,45497.706,44328.282,36989.398,31502.339,26751.166,24747.662,25413.704,25349.202,24831.817,24180.17,24694.64,24785.013,25261.813,26008.723,26888.481,26874.405,28620.519,28039.199,28098.179,26736.829,27686.283
23059.094,23607.632,25907.345,28270.82,28337.951,29488.938,29072.228,30495.561,34531.375,37398.094,39927.624,39659.532,43446.844,45988.557,45124.131,42318.792,45382.134,45116.668,47496.777,49012.3,46768.054,43530.976,41474.361,40963.171,42731.104,44100.882,45698.435,46671.434,47243.575,47687.959,48283.836,50581.685,51159.455,49961.423,52858.189,53766.171,56742.986,56806.366,57745.885,58177.811,58508.333,58390.869,56374.642,59242.197,58895.203,58687.882,58111.269,57019.017,58600.011,57096.448,60892.094
0,0,0,0,0,0,0,0,0,0,0,0,0,0,0,0,0,0,0,0,0,0,0,0,0,0,0,0,0,0,106.218,0,0,0,0,0,0,0,0,0,0,0,0,0,155,161,172,178,0,0,0
0,0,0,0,0,0,0,0,0,0,0,1104.978,1157.402,1182.33,1208.143,1243.558,1205.771,1248.472,1297.451,1319.561,1352.55,1350.273,1396.96,1436.042,1471.25,1542.664,1557.314,1578.903,1619.718,1629.129,1661.315,1686.666,1728.29,1768.917,1807.371,1847.03,2150.787,2231.479,2201.195,2296.194,1982.67,2108.546,2261.862,2385.508,2490.505,2499.285,2949.032,3206.292,3277.517,3438.767,3653.36
0,0,0,0,0,0,0,0,0,0,0,0,0,0,0,0,0,0,0,0,0,0,0,0,0,0,0,0,0,0,0,0,0,0,0,0,0,0,0,0,0,0,0,0,0,0,0,0,0,0,0
0,0,0,0,0,0,0,0,0,0,0,0,0,0,0,0,0,0,0,0,0,0,0,0,0,0,0,0,0,0,55.974948,0,0,0,0,0,0,0,0,0,0,0,0,0,180,204,211,244,0,0,0
0,0,0,0,0,0,0,0,0,0,0,1020.636,1128.191,1193.249,1277.934,1480.678,1621.859,1734.402,1880.155,2070.215,2444.497,2566.025,2698.069,2559.434,2552.383,2520.035,2382.196,2207.066,2306.258,2456.753,2610.591,2691.175,2850.459,2998.922,3307.087,3718.093,4124.54,4521.263,4715.349,4477.008,3737.193,2902.624,3527.022,3688.32,3622.249,5182.705,6438.918,5371.809,5972.83,6203.299,7341.145
0,0,0,0,0,2075.488304,2208.766023,2246.863573,2483.476121,2674.528319,2961.637068,3328.084204,3494.515058,3687.878053,4027.47713,4054.415685,4329.270498,4580.324922,4992.580914,5401.355822,5231.993269,5234.253634,5433.676254,5865.98454,6092.064759,6246.053715,6641.210672,6778.047492,7046.718321,6834.530594,7017.596,6316.62,4448.889,3706.461,1435.062,1494.188,1745.232,2694.397,3348.791,3313.855,4346.23,4200.651,4407.248,4400.442,4810.925,5042.078,5301.412,5304.575,5954.003,6161.26,6450.705
0,0,0,0,0,0,0,0,0,0,0,0,0,0,0,0,0,0,0,0,0,775.951,813.911,821.896,836.992,885.29,970.27,965.571,1136.487,1214.829,1261.176,1282.86,1477.793,1482.557,1461.158,1495.315,1451.952,1523.483,1726.139,1781.677,1836.367,1867.56,1916.384,1906.828,1857.183,1929.014,1955.521,2032.502,2151.451,2022.923,2263.249
0,0,0,0,0,0,0,0,0,0,0,69766.278,74813.328,81970.892,87249.276,91126.598,95577.717,98850.716,105143.119,111794.267,113853.443,109223.759,111048.213,113812.031,121136.063,129355.566,135404.915,140661.864,142566.062,145436.459,140206.208,142857.669,144347.97,147960.211,155760.092,161094.758,169662.843,178275.959,182552.949,186690.702,187441.619,190711.783,195758.657,198976.375,210042.15,215332.125,222817.6,235459.713,248593.964,240464.259,265887.244
0,0,0,0,0,0,0,0,0,0,0,177.259,175.451,344.449,593.836,740.361,976.189,1055.382,986.384,1026.149,1349.686,1299.525,1397.128,1475.667,1700.366,1782.241,1565.247,1605.837,1334.91,1550.041,1726.888,1952.721,2099.67,2021.235,1875.397,2247.005,2261.944,2336.104,2326.252,2371.884,2384.506,2207.747,2157.386,2504.935,2295.689,2216.889,3151.521,3227.236,3541.649,3042.806,3240.334
0,0,0,0,0,0,0,0,0,0,0,19024.953,19406.11,20502.847,21377.867,23244.784,24351.811,26009.905,27186.459,28247.412,28388.903,28322.738,29509.706,30128.1,30352.277,30642.989,30914.126,30601.964,31329.913,30420.87,28212.894,21901.517,20455.312,22047.01,21264.849,23031.296,22972.349,20809.479,20030.519,18275.802,18688.328,19415.921,18861.141,19398.857,18833.161,19898.194,20458.799,20116.756,19815.232,17511.782,17897.266
0,0,0,0,0,0,0,0,0,0,0,0,0,0,0,0,0,0,0,0,0,0,0,0,0,0,0,0,0,0,0,0,0,0,0,0,0,0,0,0,0,0,0,0,0,0,0,0,0,0,0
0,0,0,0,0,0,0,0,0,0,0,0,0,0,0,0,0,0,0,0,0,0,0,0,0,0,0,0,0,0,0,0,0,0,0,0,0,0,0,0,0,0,0,0,0,0,0,0,0,0,0
0,0,0,0,0,0,0,0,0,0,0,2454.92,2605.075,2691.08,2809.165,2960.04,3190.896,3253.388,3478.956,3519.17,3573.92,3559.164,3541.836,3455.474,3520.236,3697.207,4088.993,4173.153,4229.501,4379.144,4322.834,4449.586,4795.155,4967.348,5093.917,5084.695,5724.629,5882.083,5871.975,6990.29,6734.145,6483.375,6946.47,6578.041,9301.697,9634.165,9537.246,10232.925,10278.06,9488.818,9799.572
0,0,0,0,0,0,0,0,0,0,0,0,0,0,0,0,0,0,0,0,0,0,0,0,0,0,0,0,0,0,0,0,0,0,0,2836.66,2966.883,3014.931,3432.185,3436.458,3412.368,3430.154,3994.448,4114.814,3389.263,3435.909,3429.351,3481.516,3513.526,4907.023,5023.944
0,0,0,0,0,0,0,0,0,0,0,2695.185,2754.913,2815.701,2892.957,3035.619,3080.576,3296.626,3405.339,3533.593,3655.462,3837.363,4013.732,4156.125,4291.277,4457.718,4523.788,4608.227,4754.66,4930.041,4980.85,5029.172,5083.857,5259.91,5401.824,5496.907,5633.688,5835.841,6004.076,6050.646,6309.658,6384.145,6518.25,6765.839,6959.112,6981.351,6723.031,6339.74,6395.196,6913.994,6943.733
76139.004,78708.193,82861.34,89019.293,94762.217,101419.082,105706.382,113435.439,121798.819,128083.651,138102.509,141352.607,152495.184,159345.776,161708.5,165946.829,171035.832,176317.176,181203.629,190277.534,191956.654,187512.283,180172.803,179505.998,188693.916,192979.576,196320.307,202876.108,211259.352,217211.633,208565.267,208148.266,213327.311,220340.031,228088.131,230771.589,236098.426,238870.492,237077.107,244327.081,251449.65,247877.516,248219.608,262037.849,267618.922,272206.37,268302.286,271727.791,264724.291,251325.987,250992.102
0,0,0,0,0,0,0,0,0,0,0,0,0,0,0,0,0,0,0,0,0,0,0,0,0,0,0,0,0,0,29.046122,0,0,0,0,0,0,0,0,0,0,0,0,0,89,99,102,103,0,0,0
0,0,0,0,0,0,0,0,0,0,0,0,0,0,0,0,0,0,0,0,0,0,0,0,0,0,0,0,0,0,0,0,0,0,0,0,0,0,0,0,0,0,0,0,0,0,0,0,0,0,0
0,0,0,0,0,0,0,0,0,0,0,0,0,0,0,0,0,0,0,0,0,0,0,0,0,0,0,0,0,0,0,0,0,0,0,0,0,0,0,0,0,0,0,0,0,0,0,0,0,0,0
0,0,0,0,0,0,0,0,0,0,0,8703.947,8838.369,8500.486,8439.25,7632.259,8081.665,8375.598,8674.271,9173.468,9478.382,9629.052,8829.578,9129.391,9604.913,9582.672,10012.568,10334.447,11697.792,13112.432,14009.344,14325.048,15490.871,15876.049,17069.355,18341.901,20316.152,22749.157,23555.934,25028.174,25174.261,24697.361,25567.672,25832.836,27513.837,28351.93,29506.534,30564.974,30309.872,29484.48,30919.992
0,0,0,0,0,0,0,0,0,0,0,391551.125,411760.053,427079.22,438122.693,483832.229,500317.808,544993.165,590454.295,600251.99,598340.33,593862.207,612372.945,636761.25,675340.397,691666.131,716299.751,753070.173,793770.308,810316.534,870667.065,847943.456,876781.015,928754.811,972747.135,1044454.632,1073498.522,1072549.816,1079918.253,1100700.179,1161353.129,1186796.51,1253831.085,1427554.334,1639853.716,1775677.25,1938943.565,2044606.194,2120813.901,2286136.637,2516731.199
0,0,0,0,0,0,0,0,0,0,0,13851.735,13864.363,13945.977,14769.622,15435.528,16050.217,16528.128,16460.097,16072.901,17706.022,17934.783,18444.811,19047.86,19687.636,19989.674,21763.125,22499.877,23179.585,23367.6,24222.605,24486.744,25045.929,26199.454,27124.428,27598.691,28271.719,27431.35,28727.003,25690.383,25813.697,25708.187,25204.776,25735.92,26001.486,27084.529,28568.375,27919.061,29207.921,30815.339,32235.053
0,0,0,0,0,0,0,0,0,0,0,0,0,0,0,0,0,0,0,0,0,0,0,0,0,0,0,0,0,0,17.84677985,0,0,0,0,0,0,0,0,0,0,0,0,0,34,37,42,41,0,0,0
0,0,0,0,0,0,0,0,0,0,0,6678.933,6851.515,7090.753,7284.061,7470.85,7586.606,7824.533,8042.702,8394.257,8466.066,8880.73,8893.611,9472.783,9954.482,9953.048,10151.821,10564.284,10954.708,11233.989,11798.337,12042.263,12258.569,12477.611,12525.18,13079.625,13487.953,13723.209,14054.467,14321.23,16678.875,17242.475,17841.457,18503.283,19230.98,19970.772,20714.66,21459.136,22246.231,22924.723,23766.079
0,0,0,0,0,0,0,0,0,0,0,508.52,526.728,532.562,543.049,553.044,605.827,576.393,598.722,598.224,619.774,638.895,678.521,754.642,732.208,763.449,751.179,764.531,736.634,769.289,775.662,796.752,798.404,807.494,728.51,775.117,758.211,724.517,719.645,700.855,814.173,883.532,868.508,999.168,1020.373,1082.89,1153.972,1209.469,1259.721,1415.976,1511.111
0,0,0,0,0,0,0,0,0,0,0,806.915,861.461,937.186,916.398,992.932,1001.361,1166.046,1262.066,1303.988,1254.956,1178.422,1149.204,1130.642,1226.023,1263.047,1324.401,1411.679,1446.462,1610.467,1677.767,1780.051,2298.1,2344.942,2304.219,2348.043,2360.117,2382.737,2384.074,2628.921,2873.584,2888.622,3073.404,3297.329,3879.846,3864.771,4181.746,4508.452,4585.966,4560.99,4646.183
0,0,0,0,0,2669.456982,2840.876467,2889.876875,3194.20382,3439.931838,3809.20612,4280.524057,4494.584528,4743.284652,5180.071082,5214.718982,5568.232466,5891.134302,6421.370794,6947.129976,6729.298804,6732.206046,6988.699953,7544.727356,7835.507805,8033.565723,8541.809734,8717.806873,9063.366623,8790.454457,9025.91,7296.973,6714.668,6894.458,6859.917,7050.618,7235.656,7794.615,8051.749,7964.791,7790.312,7948.004,8244.505,8811.97,8831.161,8905.269,8944.471,9325.119,9084.013,8722.114,8563.721
0,0,0,0,0,0,0,0,0,0,0,10739.855,10368.08,11067.985,11725.55,12024.21,12606.785,13681.657,14472.447,14877.54,14982.78,15043.145,15254.733,16060.238,15729.334,15618.671,15577.684,16207.578,17010.826,18612.783,17689.038,14731.578,12992.738,10861.834,11128.503,11053.059,11999.024,12313.679,11553.718,12008.67,12858.744,12588.48,11729.419,11662.187,11312.467,10758.079,10846.601,10137.385,10565.901,12345.516,11308.001
0,0,0,0,0,0,0,0,0,0,0,587.221,746.478,781.95,594.001,564.755,656.511,715.021,756.409,821.588,864.649,849.131,863.123,895.716,926.022,919.56,1040.311,1183.127,1209.454,1258.661,1365.112,1393.106,1568.233,1683.746,1923.949,1694.853,1884.453,1846.486,1976.228,1986.674,2136.936,2114.235,2143.148,2331.693,2184.136,2219.333,2308.429,2437.112,2574.252,2525.367,2442.559
0,0,0,0,0,38358.66784,38664.62695,38047.92811,39663.77468,41433.55694,43247.32081,45384.254,45527.146,45159.19,41883.26,43669.673,44935.632,48009.103,45329.644,48401.683,46948.942,47051.913,47791.904,47963.387,48970.085,49236.203,50042.565,51497.969,50479.366,49075.343,49570.022,44806.391,43555.163,42239.687,40926.571,41490.902,42812.407,43082.764,41703.988,39033.459,40993.485,42077.573,42535.483,44414.629,45510.68,44940.856,45904.299,45845.189,44869.54,42043.715,44042.59
8806.456,9330.865,10672.527,11724.922,12278.123,13433.429,14715.62,14801.551,15585.88,18097.585,19574.217,18505.204,19260.533,18991.459,17606.101,17472.752,18999.722,19489.173,19879.197,20569.727,19135.244,17318.26,17515.064,16535.341,17141.616,19299.643,19578.259,19584.358,18681.716,17523.965,17361.033,19251.703,18420.865,18916.167,19572.756,19391.728,21947.205,20337.941,20009.078,19172.847,18633.651,19202.9,19003.754,20087.48,19428.049,18887.53,20251.507,19763.331,19199.674,18358.12,19307.351
0,0,0,0,0,0,0,0,0,0,0,0,0,0,0,0,0,0,0,0,0,0,0,0,0,0,0,0,0,0,130.056648,0,0,0,0,0,0,0,0,0,0,0,0,0,133,139,143,143,0,0,0
0,0,0,0,0,0,0,0,0,0,0,0,0,0,0,0,0,0,0,0,0,0,0,0,0,0,0,0,0,0,21.171594,0,0,0,0,0,0,0,0,0,0,0,0,0,39,41,42,43,0,0,0
0,0,0,0,0,0,0,0,0,0,0,2340.571,2729.217,2866.75,3016.427,3080.805,3183.871,3257.683,3340.67,3471.298,3434.658,3553.489,3628.65,3933.495,4134.65,3455.059,3581.748,4046.484,3876.396,3823.833,4078.494,4111.386,4553.478,4417.014,5065.458,5319.012,5552.73,6191.927,6642.144,6832.683,7499.172,7290.859,7475.618,7479.265,6528.082,6840.493,7067.699,7058.38,7103.897,6940.825,7178.242
0,0,0,0,0,0,0,0,0,0,0,2236.927,2318.196,2351.769,2849.337,3141.959,3494.862,4189.109,4314.665,4555.179,4996.263,5197.087,5595.031,5187.339,5554.5,5615.417,5591.761,5725.955,5996.592,5733.325,5840.931,6084.041,6193.664,5761.834,6110.915,6810.414,7351.346,7746.016,8222.084,7716.689,7814.753,8442.124,9176.964,9712.311,10277.549,11048.084,10255.178,11332.2,10973.274,12678.342,12428.132
0,0,0,0,0,0,0,0,0,0,0,7778.546,8589.154,8013.405,8976.647,9817.968,11427.336,12482.801,12917.208,14200.762,15161.214,17663.11,19341.087,21435.022,23758.226,25717.151,26433.679,28154.368,28850.711,30745.415,32333.284,32369.161,33192.862,34473.793,33214.994,35268.531,37427.959,38952.317,41694.169,42598.018,40658.499,45698.069,47161.735,48970.616,53536.274,62741.136,66269.084,71188.76,72050.143,71465.479,73575.411
0,0,0,0,0,0,0,0,0,0,0,1752.011,1873.01,1979.593,2024.113,2260.102,2609.878,2693.086,2851.494,2781.165,2518.954,2721.723,2810.864,2701.793,2757.784,2624.342,2279.235,2543.532,2373.224,2432.88,2468.711,2714.332,2833.321,2982.47,3158.796,3358.82,3210.043,3552.546,3654.551,3792.114,3967.995,4151.362,4231.668,4418.166,4382.27,4508.548,4735.064,4478.914,4499.056,4213.962,4210.378
0,0,0,0,0,0,0,0,0,0,0,0,0,0,0,0,0,0,0,0,0,0,0,0,0,0,0,0,0,0,0,0,0,0,0,0,0,0,0,0,0,0,0,0,762,1249,1503,1759,0,0,0
0,0,0,0,0,0,0,0,0,0,0,0,0,0,0,0,0,0,0,0,0,0,0,0,0,0,0,0,0,0,0,0,877.327,921.065,950.086,997.704,1047.282,1040.673,676.54,701.477,707.891,741.727,748.424,804.279,743.57,762.89,696.95,720.631,677.244,725.528,744.529
0,0,0,0,0,4699.900333,5001.774652,5238.661613,5405.319446,5556.643081,5827.988976,6119.544927,6480.133659,6774.314696,7130.399531,7491.706737,7832.888431,8172.036524,8506.019429,8720.442282,8617.277239,8739.344832,8970.545236,9124.943363,9454.246415,9825.362318,9346.186471,9446.826238,10013.03865,9689.343968,9910.767,9123.638,6565.843,5438.332,5529.203,5227.459,5723.614,5612.66,5118.817,4812.708,4714.567,4918.618,4712.715,5187.638,5281.915,5164.321,5037.823,5623.844,5440.404,4749.141,5567.737
0,0,0,0,0,0,0,0,0,0,0,12107.927,12404.77,12766.955,13074.596,13289.369,13512.204,13686.546,13906.106,14137.468,14424.933,14800.247,15172.025,15660.644,16116.544,16634.062,17238.693,17910.012,18473.131,19094.916,19767.91,20380.089,19588.728,20392.618,21159.905,21920.42,22642.079,23243.481,23917.063,24531.242,25242.464,26171.494,26867.376,27648.292,28377.334,28934.671,29705.386,30535.769,31482.148,32378.342,33250.22
0,0,0,0,0,0,0,0,0,0,0,0,0,0,0,0,0,0,0,0,0,0,0,0,0,0,0,0,0,0,0,0,0,0,0,0,0,0,0,0,0,0,0,0,0,0,0,0,0,0,0
0,0,0,0,0,0,0,0,0,0,0,0,0,0,0,0,0,0,0,0,0,0,0,0,0,0,0,0,0,0,285.8062,0,0,0,0,0,0,0,0,0,0,0,0,0,666,578,559,524,0,0,0
9731.698,10049.657,10607.638,11212.885,12182.741,13178.662,14042.373,14399.518,15464.913,16962.463,17836.648,18168.13,19431.629,21032.626,20562.764,19702.35,21075.798,21402.057,22168.277,23649.708,24598.557,23685.847,23195.797,23423.631,23972.206,25834.098,26964.165,29398.869,27652.988,28563.2,28380.627,28792.827,27130.924,28459.324,30390.345,28919.816,31107.245,32262.496,32566.637,32459.623,32232.906,33149.814,34819.056,36746.72,37120.291,34263.241,37333.935,36803.277,35284.466,33259.091,36429.359
79221.93,82444.241,89153.015,96361.94,102653.572,105108.711,106846.954,114147.95,120768.196,130795.086,153352.074,158571.013,167393.724,180135.257,174353.295,164961.972,176092.86,172815.906,184275.418,191984.569,191770.247,187308.124,182772.709,187549.814,194278.741,203815.89,207002.254,212143.034,211234.289,219944.61,224001.432,236748.005,232656.428,236531.38,227598.874,237051.731,250494.294,242828.868,249878.635,249470.842,251980.622,260564.571,261181.728,265879.382,269776.616,270659.948,266793.215,263541.852,264803.089,253469.009,261157.15
0,0,0,0,0,0,0,0,0,0,0,1070.418,1049.808,1444.158,1572.374,1297.54,1244.449,1357.046,1541.351,1364.418,1374.047,1540.739,1586.07,1630.377,1517.549,1358.675,1384.497,1336.697,1440.588,1269.683,1181.405,1219.95,1304.065,1378.485,1238.103,1356.244,1411.618,1428.851,1518.948,1478.912,1462.801,1578.563,1583.135,1592.81,1629.235,1717.677,1768.457,1831.615,1879.778,1925.39,1983.557
0,0,0,0,0,0,0,0,0,0,0,0,0,0,0,0,0,0,0,0,0,0,0,0,0,0,0,0,0,0,61.791501,0,0,0,0,0,0,0,0,0,0,0,0,0,108,108,114,133,0,0,0
0,0,0,0,0,5887.948404,6266.13098,6562.898592,6771.68445,6961.259907,7301.197037,7666.452952,8118.191861,8486.736435,8932.832945,9385.471945,9812.898074,10237.77655,10656.18417,10924.80916,10795.5659,10948.48993,11238.13352,11431.56065,11844.10544,12309.03259,11708.72993,11834.80957,12544.15004,12138.63131,12416.026,10054.09,8659.078,7603.971,4684.825,3725.439,3746.185,3287.777,3039.411,2782.53,2869.166,2570.408,2543.939,2705.288,2780.504,2840.532,3031.512,3341.325,3004.559,3095.523,3122.293
142173.561,146338.52,157291.898,170444.92,176332.199,180668.28,182899.316,183791.4,197990.991,215966.276,301801.067,305049.251,316118.06,334696.347,328368.036,313512.086,337991.166,338907.785,350154.416,366045.132,357175.655,344955.573,333532.851,333472.092,346213.037,357206.023,356676.903,359337.893,361752.109,355550.935,351145.23,344264.055,337826.308,334519.549,332896.83,336503.047,347805.144,344824.722,342741.484,334945.098,336584.177,346678.93,338553.041,338070.354,340675.718,335184.844,340492.109,330718.602,334633.925,313248.963,329769.432
0,0,0,0,0,0,0,0,0,0,0,2996.427,3169.549,3364.796,3533.201,3659.66,3662.536,3887.597,3878.277,3909.434,4023.476,4209.499,4327.674,3671.539,3924.097,4352.201,4525.701,4904.865,4799.568,5174.992,5291.033,5475.096,5670.665,5941.748,6182.669,6471.284,6693.854,7031.693,7374.464,7599.87,7736.136,8045.026,8264.08,8225.622,8266.629,8228.516,9061.851,9064.105,8957.856,9320.17,10011.101
2408.344,2708.292,2957.737,3118.903,3689.776,4093.522,4713.364,5277.339,5699.692,6364.865,7674.218,8690.111,10086.695,11811.073,11259.425,11744.259,12735.699,13679.27,14384.87,15257.409,14982.347,14645.39,15049.2,15745.584,16355.995,17551.457,16683.313,17919.118,19099.406,21118.472,21440.556,21616.504,22149.332,21869.979,22479.276,22678.384,23404.115,24330.454,25619.799,25721.35,27086.27,28003.794,28320.709,29140.799,29707.102,30247.521,30222.724,30216.691,30418.592,29435.835,27615.332
0,0,0,0,0,0,0,0,0,0,0,0,0,0,0,0,0,0,0,0,0,0,0,0,0,0,0,0,0,0,0,0,0,0,0,0,0,0,0,0,0,0,0,0,0,0,0,0,0,0,0
0,0,0,0,0,0,0,0,0,0,0,0,0,0,0,0,0,0,0,0,0,0,0,0,0,0,0,0,0,0,42.474397,0,0,0,0,0,0,0,0,0,0,0,0,0,74,79,81,81,0,0,0
0,0,0,0,0,0,0,0,0,0,0,2734.511,2819.937,2945.629,3026.824,3332.169,3563.843,3779.118,3870.438,4105.778,3792.357,3688.592,3624.283,3502.245,3700.489,3769.98,3619.569,3824.577,3978.208,4130.211,4411.123,4535.73,4784.011,4768.191,5024.709,5320.383,5468.528,5722.104,6222.672,6835.418,7040.728,7188.292,7248.341,7435.93,7784.529,7854.987,7940.222,8527.505,8157.03,9317.885,10250.874
0,0,0,0,0,0,0,0,0,0,0,0,0,0,0,0,0,0,0,0,0,0,0,0,0,0,0,0,0,0,0,0,0,0,0,0,0,0,0,0,0,0,0,0,0,0,0,0,0,0,0
0,0,0,0,0,0,0,0,0,0,0,0,0,0,0,0,0,0,0,0,0,0,0,0,0,0,0,0,0,0,74.634616,0,0,0,0,0,0,0,0,0,0,0,0,0,86,87,90,95,0,0,0
0,0,0,0,0,0,0,0,0,0,0,0,0,0,0,0,0,0,0,0,0,0,0,0,0,0,0,0,0,0,382.08588,0,0,0,0,0,0,0,0,0,0,0,0,0,479,495,500,500,0,0,0
0,0,0,0,0,0,0,0,0,0,0,1504.376,1549.82,1589.458,1655.641,1714.394,1817.376,1871.814,1951.484,2028.539,2082.97,1733.98,1797.583,1849.803,1867.367,1881.844,1464.077,1509.729,1562.012,1591.961,1560.472,1558.388,1618.305,1563.819,1436.45,1693.198,1943.594,2047.969,2049.492,2076.777,2010.299,2053.955,2309.174,2217.956,2287.743,2584.559,2645.058,2509.089,2926.675,2732.451,2409.002
0,0,0,0,0,0,0,0,0,0,0,1389.14,1420.573,1475.252,1498.258,1539.928,1601.94,1695.18,1738.84,1797.628,1870.502,1859.721,2013.035,1973.919,2018.631,2001.195,2053.458,2164.917,2268.143,2361.961,2379.575,2400.409,2503.464,2558.682,2656.158,2823.988,2835.377,3097.219,3325.357,2923.651,2989.748,3224.411,3379.76,3646.807,3852.945,3996.791,3993.017,4691.687,4647.532,4452.916,4567.481
0,0,0,0,0,0,0,0,0,0,0,3001.464,3136.463,3170.932,3491.16,3629.062,4039.752,4573.504,5035.479,4527.364,4627.715,5157.681,5699.797,6165.188,6237.887,6573.829,7563.089,8199.264,9227.463,9412.54,8657.766,8888.789,10673.459,10407.728,10728.598,10649.915,10473.158,9929.545,13009.301,15863.212,13391.943,14144.888,13195.258,13607.916,12808.023,12663.873,13329.581,14337.964,14138.514,14933.405,13838.015
0,0,0,0,0,14478.753,14741.888,15084.935,15456.969,16558.081,17887.965,19033.848,19551.328,21275.465,22017.961,22911.281,24508.075,25859.12,28566.924,28233.71,28352.811,28171.739,28163.799,27737.379,28772.175,29770.634,29626.504,30715.416,30353.365,30139.029,28757.177,27465.582,25090.612,25723.986,24935.598,25875.479,26538.661,26035.734,25684.655,25499.202,24998.84,25591.269,25601.284,26136.49,26157.317,27582.994,27329.857,26728.593,26458.455,24859.491,25667.116
541.244,522.175,552.295,608.868,624.932,662.339,711.83,714.383,790.666,722.667,865.18,902.361,921.033,1118.691,1104.495,1105.51,1119.611,1242.711,1276.555,1470.677,1496.813,1656.56,1654.842,1719.099,1803.822,1770.682,1849.521,1931.826,1968.569,2018.527,2088.48,2050.606,2034.303,2180.248,2183.616,2252.506,2386.268,2427.314,2578.234,2959.805,3099.769,3238.257,3284.604,3273.313,3368.106,3480.473,4158.841,4836.174,5354.288,5384.195,5369.327
0,0,0,0,0,0,0,0,0,0,0,156464.804,160128.825,164473.626,171376.208,177729.528,185060.084,190216.072,190959.893,199922.784,205154.559,216022.695,224639.961,232102.715,242206.681,254787.758,264307.896,274610.531,289412.617,303532.518,316743.223,329487.359,342625.611,350462.308,364050.277,384284.782,396679.515,412206.999,422257.46,448343.007,457198.203,464501.25,477539.705,489507.225,519164.856,539388.096,567182.481,604659.492,632956.028,698359.686,723743.182
0,0,0,0,0,0,0,0,0,0,0,35053.196,36489.056,38158.925,39561.406,41135.948,43000.798,47777.355,51133.829,53516.377,55711.815,58631.043,60085.338,61186.515,63582.715,65833.894,72621.502,74996.253,77041.328,81409.724,98622.624,103454.01,107840.25,118453.153,118606.719,130817.355,135564.907,140126.474,137069.427,143671.6,154767.56,158963.141,164879.142,165365.704,176238.357,179460.748,183725.702,182884.559,186604.824,199781.517,211296.133
0,0,0,0,0,0,0,0,0,0,0,16608.541,16292.462,20647.488,24546.932,26643.059,30317.421,33940.772,32868.432,37239.282,38068.159,42863.725,50142.005,42831.251,49821.098,53794.254,54151.29,55237.085,56465.474,66259.689,69336.651,76864.51,80911.436,87116.672,96715.674,101223.691,97634.924,109253.673,111259.913,126190.437,122983.086,133435.41,138010.959,142648.568,155548.386,172442.469,180242.381,190619.83,204312.465,213422.801,210677.701
0,0,0,0,0,0,0,0,0,0,0,4128.521,4293.594,4658.717,5064.529,6095.401,7540.886,7803.086,8889.452,10597.638,9648.396,9579.327,9964.741,12014.997,12280.816,13812.455,15662.763,15605.749,18907.256,20657.075,19708.66,16409.961,24239.759,30851.066,34955.683,34546.932,33464.825,38959.177,28845.339,22189.095,25936.534,26934.78,27981.009,27086.134,26900.766,26866.409,21503.011,23695.803,28806.112,32846.456,37845.077
3730.393,3944.179,4006.572,4147.645,4363.448,4350.204,4707.565,5129.863,5484.585,5790.778,5984.383,6718.12,6664.407,6907.812,7116.132,6647.006,6832.907,7233.383,7253.18,8550.225,8235.62,8262.87,8215.662,8201.412,8287.601,8628.435,8864.515,9232.076,9141.878,9321.855,9869.664,10024.823,9998.669,10099.836,10577.602,10361,11298.273,12043.437,12781.514,13130.278,13574.061,14432.403,14673.383,14061.379,14269.363,14330.198,14607.056,15119.917,14902.913,14364.052,14219.239
0,0,0,0,0,0,0,0,0,0,0,0,0,0,0,0,0,0,0,0,0,0,0,0,0,0,0,0,0,0,0,0,0,0,0,0,0,0,0,0,0,0,0,0,0,0,0,0,0,0,0
0,0,0,0,0,0,0,0,0,0,0,5739.365,5528.93,7763.736,5852.116,7023.201,6472.979,6454.58,6824.283,7594.01,7822.985,7281.949,7893.976,7364.05,7604.894,7572.823,9037.555,9954.676,10890.655,11244.956,11465.769,11504.145,13222.306,13861.02,14784.62,15505.215,15944.478,16814.265,17230.673,16768.637,18234.494,19143.422,18808.568,19729.935,19240.572,18477.697,20380.274,20700.248,22867.542,21462.681,23194.973
39899.754,45011.729,51237.908,57388.378,63133.412,68604.045,75158.674,82076.14,90417.065,98108.289,109054.773,105397.274,111521.884,119116.477,121916.631,116763.114,126149.327,123335.787,126212.363,131785.9,130837.855,128028.902,124765.755,124659.537,127508.02,129304.488,130824.733,136255.358,139466.428,145425.963,146556.168,150164.5,149225.151,148444.173,146569.148,159130.704,158990.298,161249.392,165765.493,168319.561,171522.095,172142.34,172396.217,179422.745,181990.31,183872.871,181830.17,179598.604,176004.491,164858.378,170238.884
0,0,0,0,0,0,0,0,0,0,0,2010.436,2564.289,2916.574,2730.549,2681.745,2431.953,2375.489,2468.76,2555.238,2278.453,2322.06,2288.79,2001.569,2006.199,1724.45,1752.232,1799.297,1834.492,2300.769,2784.623,2795.077,2942.139,2950.918,3008.538,3202.15,3374.729,3374.478,3507.055,3609.971,3829.319,3841.212,3586.147,3728.236,3768.933,3717.465,4175.811,4200.468,4078.017,3021.804,2830.271
80837.204,91421.29,96191.586,110025.373,123307.183,134637.831,147389.58,173302.373,195902.386,226319.144,256517.271,267528.465,285875.407,320368.66,322140.756,305054.335,324419.709,330191.794,333013.333,352714.403,344522.706,336976.512,336467.94,336770.462,362191.06,362902.655,366993.8,371673.018,397590.111,412521.789,439325.218,444080.153,454512.469,457563.678,483300.031,496261.56,507083.268,512494.69,503269.647,512360.632,518963.637,510790.521,510389.963,506236.632,522488.37,520540.566,519807.147,515197.86,495351.968,472173.785,499091.637
0,0,0,0,0,0,0,0,0,0,0,492.341,539.63,614.698,649.232,753.342,968.329,990.519,1214.956,1247.511,1522.305,1895.861,2156.428,2341.411,2575.331,2617.411,2807.8,2977.445,2950.793,2971.991,3274.236,3382.839,3802.131,3765.75,4037.072,4301.73,4413.912,4508.155,4663.741,4648.04,4864.048,4818.447,5060.467,5175.809,6219.39,6676.904,6853.005,7209.461,7068.537,7457.751,7105.128
0,0,0,0,0,31841.69241,33886.88243,35491.78491,36620.88704,37646.1004,39484.4612,41459.74456,43902.72307,45895.79131,48308.25604,50756.10219,53067.59855,55365.31734,57628.04211,59080.7509,58381.81064,59208.81515,60775.19137,61821.23434,64052.25324,66566.55304,68171.86678,69739.96085,72297.46845,71146.93725,73449.162,74946.792,78844.271,65623.289,58138.081,52243.246,45352.614,39494.568,39337.278,35921.509,35679.063,34493.19,39679.186,43040.74,50717.073,50804.971,61503.566,66230.504,69982.664,63416.916,74443.039
0,0,0,0,0,0,0,0,0,0,0,5283.787,5525.681,5673.635,5889.453,6034.437,6328.98,6643.012,6844.21,7092.548,7358.01,7567.303,7709.076,7846.958,8304.259,8666.265,9443.966,9836.827,10085.168,10455.044,10675.095,10869.019,11146.269,11414.594,11559.781,12104.962,12538.006,12696.958,13189.506,13502.773,14055.299,14258.528,14453.555,14769.104,15551.587,16151.068,16896.43,17229.685,17805.569,18896.663,19719.226
0,0,0,0,0,0,0,0,0,0,0,0,0,0,0,0,0,0,0,0,0,0,0,0,0,0,0,0,0,0,7.112655,0,0,0,0,0,0,0,0,0,0,0,0,0,8,8,10,11,0,0,0
0,0,0,0,0,0,0,0,0,0,0,0,0,0,0,0,0,0,0,0,0,0,0,0,0,0,0,0,0,0,0,0,0,0,0,0,0,0,0,0,1544.659,1901.698,1893.584,1993.548,2004.769,1945.785,1966.29,2044.998,2216.031,2435.106,2495.751
0,0,0,0,0,0,0,0,0,0,0,6119.699,6760.273,7125.881,6810.21,6480.059,7028.953,7591.495,8276.618,10425.228,10451.336,10295.558,11463.475,12177.497,12599.642,14026.723,15188.311,16527.123,20175.37,23564.973,9110.159,2691.602,8882.156,12365.693,14502.075,14872.399,14630.608,14780.172,16874.333,18106.851,18805.435,20067.344,20639.242,22001.125,23469.206,26398.761,25780.21,26388.952,28842.898,30814.523,32586.113
0,0,0,0,0,3550.109621,3778.132951,3957.067528,4082.953937,4197.257529,4402.220955,4622.450218,4894.823979,5117.036122,5386.007826,5658.924292,5916.638781,6172.817173,6425.093996,6587.060118,6509.133527,6601.33832,6775.977507,6892.603444,7141.3453,7421.670849,7059.721304,7135.740406,7563.43376,7318.928233,7486.182,6787.415,4979.345,3870.335,2794.245,2384.165,2757.197,2593.257,2760.845,2412.495,2317.444,2151.013,2421.879,2584.038,2542.397,2496.988,2450.21,2726.063,2846.228,2484.284,2805.197
0,0,0,0,0,0,0,0,0,0,0,0,0,0,0,0,0,0,0,0,0,0,0,0,0,0,0,0,0,0,0,0,0,0,0,0,0,0,0,0,0,0,0,0,0,0,0,0,0,0,0
0,0,0,0,0,3724.721354,3963.959985,4151.695439,4283.773556,4403.699158,4618.743686,4849.8049,5135.575333,5368.716955,5650.918001,5937.257832,6207.647978,6476.426475,6741.111504,6911.043911,6829.28451,6926.024385,7109.253181,7231.615351,7492.591547,7786.704875,7406.952884,7486.710977,7935.440379,7678.908875,7854.389,7399.56,6105.549,5276.916,4774.193,4596.323,4521.248,4431.078,4328.83,3977.559,3831.785,4111.458,4073.43,4324.13,4438.219,4528.115,4688.325,4796.299,4586.232,4402.896,4644.115
0,0,0,0,0,0,0,0,0,0,0,1847.662,1907.549,2377.751,2444.507,2163.596,2319.524,1813.816,2161.691,2330.047,2473.506,2357.52,1786.217,1935.211,1973.777,2328.771,2583.996,2664.014,1979.466,1961.131,1953.895,2418.332,2450.988,3511.291,3847.386,4410.545,4651.673,5252.337,5161.483,5400.088,4907.333,5258.142,5220.299,5220.432,5270.536,5023.246,4773.651,4205.685,5425.674,6651.932,6382.29
0,0,0,0,0,0,0,0,0,0,0,0,0,0,0,0,0,0,0,0,0,0,0,0,0,0,0,0,0,0,0,0,0,0,0,0,0,0,0,0,0,0,0,0,28,33,19,19,0,0,0
0,0,0,0,0,0,0,0,0,0,0,0,0,0,0,0,0,0,0,0,0,0,0,0,0,0,0,0,0,0,0,0,0,0,0,0,0,0,0,0,0,0,0,0,0,0,0,0,0,0,0
0,0,0,0,0,0,0,0,0,0,0,1570.165,2197.64,2598.108,2897.819,3664.774,3324.361,4132.989,4684.96,5250.971,6890.47,7410.169,8042.123,8447.687,9181.062,9977.327,10085.046,11008.752,10581.791,11488.885,11167.528,11329.264,11272.288,11699.672,13210.44,13986.269,14893.033,15145.699,15342.425,15148.53,15901.156,16360.864,16950.714,17440.706,17795.591,17670.344,17898.642,17525.188,17737.685,20285.923,21610.564
0,0,0,0,0,0,0,0,0,0,0,0,0,0,0,0,0,0,0,0,0,0,0,0,0,0,0,0,0,0,0,0,0,0,0,0,0,0,0,0,0,0,0,0,0,0,0,0,0,0,0
0,0,0,0,0,6856.83592,7297.250084,7642.852098,7885.994577,8106.765499,8502.640763,8928.001127,9454.075638,9883.265824,10402.76946,10929.89217,11427.65313,11922.4472,12409.70562,12722.53402,12572.02322,12750.11156,13087.41727,13312.67367,13793.1045,14334.53744,13190.75412,13858.35395,14511.80971,15714.05515,16063.885,17045.314,11020.705,9104.342,8120.6,8714.235,9400.483,8903.416,9346.358,7963.689,7130.723,8277.008,8864.688,9252.787,9385.715,8847.55,8718.187,9459.665,9519.803,8765.519,7051.988
3304.034,3337.651,3340.464,3391.97,3654.429,3622.1,3499.422,3471.209,3732.861,4041.29,4106.056,4062.171,4162.517,4432.688,4624.132,3770.763,3848.483,3714.239,4016.831,3794.789,3559.439,3113.922,2945.331,2770.028,2969.223,3060.868,3007.084,2944.848,3046.767,3280.746,3388.577,3619.774,3632.357,3683.378,3555.109,3148.622,3194.163,3108.062,3001.306,3128.25,3335.002,3508.77,3645.649,3843.227,4282.472,4381.946,4328.983,4209.378,4204.045,3955.629,4220.003
0,0,0,0,0,0,0,0,0,0,0,0,0,0,0,0,0,0,0,0,0,0,0,0,0,0,0,0,0,0,0,0,0,0,0,0,0,0,0,0,0,0,0,0,0,0,0,0,0,0,0
0,0,0,0,0,732.772065,779.8271071,793.2778313,876.816276,944.2691804,1045.635818,1175.013673,1233.773763,1302.042518,1421.941395,1431.452323,1528.492585,1617.12988,1762.681013,1907.003115,1847.207958,1848.006003,1918.414169,2071.044967,2150.864867,2205.23222,2344.746366,2393.057985,2487.914929,2412.999913,2477.633,2426.844,2700.394,2772.372,2474.449,2499.837,2954.25,2686.715,2886.966,2710.155,2667.715,2576.828,2527.467,2776.371,2755.906,2842.333,2924.258,3044.742,3011.796,2810.783,2882.984
0,0,0,0,0,0,0,0,0,0,0,0,0,0,0,0,0,0,0,0,0,0,0,0,0,0,0,0,0,0,0,0,0,0,0,0,0,0,0,0,0,0,0,0,0,0,0,0,0,0,0
0,0,0,0,0,0,0,0,0,0,0,0,0,0,0,0,0,0,0,0,0,0,0,0,0,0,0,0,0,0,0,0,0,0,0,0,0,0,0,0,0,0,0,0,0,0,0,0,0,0,0
0,0,0,0,0,0,0,0,0,0,0,6092.976,6185.341,6150.036,6965.682,7347.092,7976.44,8061.981,10143.979,11862.629,11901.509,12736.179,12885.394,14938.232,15367.383,15492.862,17202.803,17468.375,18350.315,20100.36,21549.08,26344.585,29077.794,31523.011,31381.476,33881.787,37426.595,43357.659,41112.267,41484.177,47109.972,49255.235,51009.433,54618.839,58690.644,63506.554,63715.139,69969.609,73006.305,69857.86,72645.419
0,0,0,0,0,0,0,0,0,0,0,0,0,0,0,0,0,0,0,0,0,0,0,0,0,0,0,0,0,0,50.89694,0,0,0,0,0,0,0,0,0,0,0,0,0,250,225,288,299,0,0,0
0,0,0,0,0,0,0,0,0,0,0,0,0,0,0,0,0,0,0,0,0,0,0,0,0,0,0,0,0,0,0,0,0,0,0,0,0,0,0,0,0,0,0,0,0,0,0,0,0,0,0
0,0,0,0,0,0,0,0,0,0,0,210.666,264.049,255.201,234.187,209.301,237.943,252.595,294.779,284.366,318.267,360.294,409.266,312.375,411.666,344.493,574.118,603.074,649.976,695.576,695.28,672.365,664.856,850.481,771.26,709.755,698.309,784.284,691.326,753.802,676.09,787.178,733.897,826.259,829.851,881.417,833.783,877.744,837.198,776.852,848.045
0,0,0,0,0,0,0,0,0,0,0,0,0,0,0,0,0,0,0,0,0,0,0,0,0,0,0,0,0,0,0,0,0,0,0,0,0,0,0,0,0,0,0,0,29,29,30,32,0,0,0
0,0,0,0,0,0,0,0,0,0,0,0,0,0,0,0,0,0,0,0,0,0,0,0,0,0,0,0,0,0,0,0,0,0,0,0,0,0,0,0,0,0,0,0,0,0,0,0,0,0,0
0,0,0,0,0,0,0,0,0,0,0,0,0,0,0,0,0,0,0,0,0,0,0,0,0,0,0,0,0,0,479.878,0,0,0,0,0,0,0,0,0,0,0,0,0,1019,1077,1173,1194,0,0,0
0,0,0,0,0,0,0,0,0,0,0,42982.507,47549.685,52568.765,55948.825,59156.285,63303.567,68454.489,76541.884,83965.934,95115.346,101554.443,106285.528,100073.22,104549.208,108603.192,105671.228,111118.275,112488.216,117518.172,122492.736,128045.702,129454.875,129961.858,134301.02,129922.722,132986.235,137009.013,141466.225,146992.598,145384.004,146302.496,150842.754,153665.176,159324.149,170262.743,172307.054,176710.575,181876.115,175752.407,178923.57
0,0,0,0,0,0,0,0,0,0,0,0,0,0,0,0,0,0,0,0,0,0,0,0,0,0,0,0,0,0,0,0,0,0,0,0,0,0,0,0,0,0,0,0,0,0,0,0,0,0,0
0,0,0,0,0,4691.231561,4992.549086,5228.999118,5395.349558,5546.394082,5817.239491,6108.25768,6468.181321,6761.819752,7117.247804,7477.888594,7818.440992,8156.963541,8490.330428,8704.357786,8601.383027,8723.225472,8953.999436,9108.112783,9436.808449,9807.239844,9328.947817,9429.401957,9994.570015,9671.472374,9892.487,8250.817,6845.942,6096.735,5089.782,4718.079,4054.949,3870.695,3573.201,3115.62,2882.933,3052.063,3095.612,3360.077,3376.774,3500.388,3440.866,3341.678,3363.479,3171.128,3426.348
0,0,0,0,0,0,0,0,0,0,0,0,0,0,0,0,0,0,0,0,0,0,0,0,0,0,0,0,0,0,0,0,0,0,0,0,0,0,0,0,0,0,0,0,0,0,0,0,0,0,0
0,0,0,0,0,0,0,0,0,0,0,0,0,0,0,0,0,0,0,0,0,0,0,0,0,3122.275,3366.018,3550.71,3783.489,3586.646,3408.314,3815.526,3339.767,3123.652,2701.196,2694.78,2269.816,2223.234,2240.981,2244.03,2396.588,2414.745,2585.629,2525.39,2600.481,2624.67,2924.946,3114.445,3155.928,3252.271,3454.212
0,0,0,0,0,358.3544335,381.3662044,387.944139,428.7977324,461.7848624,511.3571451,574.6280176,603.3640187,636.7501315,695.3854101,700.036629,747.4931435,790.8402757,862.020519,932.5997174,903.3575282,903.7478035,938.1801729,1012.822651,1051.85773,1078.445509,1146.673428,1170.299714,1216.6885,1180.052104,1211.660232,1027.792566,949.3778997,811.5336636,744.0960326,847.646582,1018.693273,1073.790797,1071.158381,781.7855365,843.7016762,919.7767247,976.6688961,1022.408992,1112.049118,986.5,1117.651,1086.123,1177.467,994.02,1173.942
0,0,0,0,0,0,0,0,0,0,0,2430.242,2646.265,2976.871,3294.042,3423.836,3761.327,4208.781,4434.491,4784.307,4869.974,4856.967,5061.832,5311.447,5480.635,5582.195,5761.981,5905.781,6220.733,6796.783,6941.168,7313.838,7779.868,8080.05,8697.791,8593.076,9074.789,9361.943,9554.12,10190.51,10238.073,10894.372,11079.128,11017.757,12221.01,13326.687,13648.039,14457.489,14932.969,15053.573,16183.415
0,0,0,0,0,0,0,0,0,0,0,6896.152,6766.369,6798.334,6742.144,6680.08,6586.526,6693.618,6512.882,6542.665,6720.061,6553.555,6553.497,6483.23,6395.303,6366.768,6300.338,6236.766,6162.15,6097.084,5922.03,5894.403,5969.54,6086.462,6150.552,6284.318,6401.554,6591.989,6657.457,6788.742,7172.677,7546.661,7645.213,8062.522,8374.675,8489.399,8742.363,9144.063,9264.006,9553.519,9875.444
0,0,0,0,0,0,0,0,0,0,0,0,0,0,0,0,0,0,0,0,0,0,0,0,0,0,0,0,0,0,0,624.667,671.123,735.086,799.542,884.977,950.116,979.561,1018.412,968.815,978.15,1127.177,1009.627,1076.089,1163.275,1293.584,1293.986,1344.989,1454.568,1496.551,1551.528
0,0,0,0,0,0,0,0,0,0,0,3657.726,3758.482,3872.804,3950.976,4025.444,4098.445,4202.872,4296.344,4440.212,4561.751,4640.36,4768.433,4925.058,5049.247,5095.555,5266.622,5365.084,5490.632,5563.524,5789.168,5976.675,6122.288,6283.94,6506.852,6711.702,6873.088,7095.313,7279.637,7680.188,8107.715,8374.581,8467.445,8706.977,8832.457,9131.62,9131.174,9308.433,9634.227,9986.224,10218.359
20971.548,21868.85,24567.23,27143.913,28488.41,30653.131,32455.498,34805.414,38733.275,43305.423,49097.417,50868.882,58392.653,61998.422,60971.073,59021.18,65329.98,63188.017,65004.644,68347.221,64364.961,60827.231,54175.191,56548.168,59827.322,60639.217,62913.123,64345.353,63779.85,64204.568,65685.029,69360.91,68353.966,68936.007,69368.426,70747.683,73431.207,71488.578,72248.348,71457.424,73222.775,75614.408,75705.893,78010.137,79074.722,78823.911,76829.67,79349.595,79550.078,78174.849,83425.868
4107.036,4375.893,4517.259,4980.187,5732.87,5978.83,6209.119,6017.212,6430.091,6678.813,7005.949,6911.907,7694.616,8019.505,8944.651,8752.759,9321.087,9750.611,9462.852,8812.33,8984.838,8905.92,9509.239,9843.703,10491.548,11197.067,11245.495,11304.95,11849.13,12691.16,12868.487,13179.981,13459.857,14240.36,14576.669,14889.706,15455.124,16078.783,15849.577,16542.256,17056.426,17120.416,17119.289,16847.105,17392.539,16846.011,16965.318,17123.15,17412.333,17469.383,18287.125
0,0,0,0,0,0,0,0,0,0,0,1224.499,1252.151,1356.845,1425.266,1485.813,1591.258,1749.9,1694.425,1430.91,1539.225,1584.41,1620.758,1689.023,1855.808,1936.156,1935.483,1954.903,1848.767,1981.554,2022.99,2146.734,2212.579,2177.688,2200.954,2264.054,2305.767,2413.362,2426.696,2461.212,2522.007,2543.606,2636.373,2758.151,2821.27,2835.627,2824.149,2870.921,2902.648,2902.69,2951.011
0,0,0,0,0,0,0,0,0,0,0,0,0,0,0,0,0,0,0,0,0,0,0,0,0,0,0,0,0,0,0,0,0,0,0,0,0,0,0,0,0,0,0,0,0,0,0,0,0,0,0
0,0,0,0,0,0,0,0,0,0,0,36070.719,37302.959,38913.6,40084.236,41737.27,43816.411,46059.107,48192.126,50139.666,52459.884,54861.932,57534.187,59210.861,59479.81,61428.01,62145.445,64341.021,66215.94,68469.659,70582.284,73839.652,76683.035,77944.796,76203.731,77539.821,80778.208,84311.966,84447.879,87472.105,90595.506,94633.008,97388.858,99007.379,101751.112,106509.458,107004.783,107683.102,111224.988,109255.196,115137.779
6826.468,6994.51,7467.258,8004.025,8570.915,9455.349,10170.956,10656.081,11651.337,12288.249,13246.097,13297.897,13749.626,14259.719,14239.229,14596.105,15910.937,16373.526,17657.594,18154.127,18316.506,18065.138,17507.066,18245.111,19306.781,19957.706,20901.218,21092.127,20235.823,21018.592,21002.542,21693.677,22046.827,23471.252,22978.452,23439.685,22724.526,24058.944,25119.642,26311.405,26091.664,26823.496,24911.954,27019.708,26433.169,26770.97,27128.905,27547.293,29805.147,29775.129,32338.382
0,0,0,0,0,0,0,0,0,0,0,226.696,86.997,96.579,149.043,238.879,377.666,744.758,555.544,843.15,1149.846,980.039,1485.922,1368.452,2248.249,2110.488,1987.437,2288.849,2208.968,2564.943,4218.096,5840.836,5450.356,5912.84,5939.4,6096.134,6259.54,6725.261,6784.443,7043.381,8082.923,8419.549,8817.519,9349.874,9602.97,10771.988,15182.548,17583.025,18678.541,18278.985,23157.853
0,0,0,0,0,0,0,0,0,0,0,17037.592,17492.062,18368.015,19464.334,20349.822,20588.621,21467.56,22358.589,23644.851,24759.675,26538.7,28108.635,29645.523,30637.067,32266.921,33672.938,36995.259,38835.035,41021.708,42857.23,43989.811,46838.218,49236.676,51259.623,53537.984,56342.95,57842.077,59094.028,62394.512,64066.691,65090.754,65775.33,68694.679,73579.859,76227.354,79345.372,83538.149,82045.781,83196.879,84311.28
0,0,0,0,0,0,0,0,0,0,0,0,0,0,0,0,0,0,0,0,0,0,0,0,0,0,0,0,0,0,73.462676,0,0,0,0,0,0,0,0,0,0,0,0,0,0,0,0,0,0,0,0
0,0,0,0,0,0,0,0,0,0,0,0,0,0,0,0,0,0,0,0,0,0,0,0,0,0,0,0,0,0,0,0,0,0,0,0,0,0,0,0,0,0,0,0,0,0,0,0,0,0,0
0,0,0,0,0,0,0,0,0,0,0,1655.942,1864.589,2034.585,2000.902,1691.118,1675.15,1653.674,1620.314,1734.355,1412.413,1508.143,1651.74,1763.22,1615.42,1559.836,1585.222,1694.319,1578.077,1486.087,1490.878,1616.184,1842.349,1868.92,1968.06,1996.887,2134.474,2218.696,2572.994,2536.145,2568.997,2815.785,2624.813,2649.329,2613.084,2883.757,3093.093,3024.153,3052.926,3366.816,3709.554
0,0,0,0,0,0,0,0,0,0,0,0,0,0,0,0,0,0,0,0,0,0,0,0,0,0,0,0,0,0,0,0,0,0,0,0,0,0,0,0,0,0,0,0,0,0,0,0,0,0,0
0,0,0,0,0,0,0,0,0,0,0,1368.454,1403.768,1519.315,1506.853,1473.95,1567.255,1704.052,1901.709,1929.29,2084.611,2080.573,2123.222,2170.98,2211.606,2257.67,2352.228,2715.653,2903.604,3162.569,3072.102,3172.193,3157.439,3280.285,3585.267,3925.598,4016.07,4367.987,4310.936,4113.201,3850.262,3918.669,3885.031,3964.71,4002.442,3954.072,4075.662,4224.895,4347.922,4475.748,4788.545
0,0,0,0,0,0,0,0,0,0,0,9128.113,9130.335,9511.16,10061.89,10355.063,10516.652,10897.756,10577.677,10540.884,11257.754,11327.547,11531.882,10603.699,10863.65,10580.084,10775.746,11063.851,10881.513,10043.058,9734.265,9548.813,9286.567,9913.782,10269.724,10971.189,11299.722,10937.913,11505.188,12257.085,12221.668,11795.062,11873.319,11637.853,12874.755,13645.788,13247.519,14334.054,15044.394,17199.538,19206.624
0,0,0,0,0,0,0,0,0,0,0,15312.914,15402.795,17154.684,17202.109,18242.296,19120.119,19923.588,20257.592,21458.315,22405.77,22525.91,23121.601,25150.293,22618.754,23761.699,23760.198,24837.775,26270.927,27623.907,28616.118,28587.572,29897.063,29870.608,31997.61,33540.986,34697.569,36518.834,37623.152,38558.712,39871.503,38201.585,38766.766,38822.15,38642.546,38755.946,38455.549,38514.137,40009.414,38102.413,40511.893
54176.536,56754.89,59914.878,60939.496,63262.725,65657.527,67825.632,70341.105,73962.159,79364.322,83294.1,86124.428,89045.922,92878.324,97069.201,103045.959,108495.203,112802.222,121974.198,125667.962,126619.988,116502.099,123636.802,122549.037,118524.422,124698.035,129757.731,133175.724,132271.852,123725.527,103104.584,101005.304,98560.59,100943.791,96196.369,99471.563,103475.134,102101.037,95489.76,92986.84,89115.963,89732.58,88855.084,91104.843,91371.08,92376.744,97240.981,96823.686,97892.213,94001.947,101538.531
2984.285,3266.702,3266.292,3566.439,3706.775,3967.327,4034.582,4318.212,4392.955,5079.228,5762.604,6275.803,6432.121,6896.424,7216.759,7687.278,8161.535,7993.534,8762.711,9643.495,9985.699,9915.338,11093.3,11132.028,11154.738,10964.415,12124.301,12449.231,13021.336,15765.424,16739.305,16945.918,18023.931,17762.386,18230.666,20211.413,20044.714,21115.33,22839.632,24513.989,24672.946,24814.552,25823.772,25128.694,25830.836,26467.183,24698.319,25301.558,24430.269,24151.701,23540.752
0,0,0,0,0,0,0,0,0,0,0,0,0,0,0,0,0,0,0,0,0,0,0,0,0,0,0,0,0,0,0,0,0,0,0,0,0,0,0,0,0,0,0,0,0,0,0,0,0,0,0
0,0,0,0,0,0,0,0,0,0,0,925.933,1018.295,1432.572,1230.99,2040.978,1528.172,1735.744,1621.71,2816.43,3311.782,4146.37,4809.685,4966.474,5625.419,5646.865,5998.274,6186.281,6468.782,6627.979,6526.48,7221.834,7551.405,7835.463,7864.79,8148.962,8646.78,10174.528,10685.991,11333.929,10876.437,12451.677,13710.543,14184.505,16647.882,16638.011,19606.402,22790.308,23642.322,24942.22,28973.364
0,0,0,0,0,0,0,0,0,0,0,42127.461,44040.149,47833.55,48064.857,51803.247,55913.398,59512.476,64126.802,63672.168,65227.187,64752.875,64770.77,65288.831,64726.653,64939.32,66684.509,69480.896,69949.676,69184.202,62254.039,51335.47,46788.017,45611.329,43021.146,46592.147,47717.916,44882.282,41041.267,36264.965,36227.665,36818.997,38139.846,39525.138,38682.767,38692.866,39936.089,39756.997,39616.937,34881.526,35030.962
0,0,0,0,0,397304.8635,422823.7313,442848.9094,456937.2864,469729.3909,492667.5462,517314.1534,547796.4289,572664.947,602766.4868,633309.4984,662151.2049,690821.0016,719054.1604,737180.341,728459.3107,738778.2632,758322.7298,771374.7357,799212.2843,830584.4716,844830.9101,874723.1529,889468.934,893319.4625,879192.534,871122.201,795667.004,751202.346,656963.742,636646.353,630084.43,601977.963,587949.629,608987.536,619264.629,626014.185,623097.624,645322.728,647392.056,651711.627,670672.799,672590.682,688482.709,646914.985,702292.337
0,0,0,0,0,0,0,0,0,0,0,0,0,0,0,0,0,0,0,0,0,0,0,0,0,0,0,0,0,0,0,0,0,0,0,0,0,0,0,0,0,0,0,0,0,0,0,0,0,0,0
0,0,0,0,0,0,0,0,0,0,0,0,0,0,0,0,0,0,0,0,0,0,0,0,0,0,0,0,0,0,23.455634,0,0,0,0,0,0,0,0,0,0,0,0,0,38,43,44,44,0,0,0
0,0,0,0,0,0,0,0,0,0,0,0,0,0,0,0,0,0,0,0,0,0,0,0,0,0,0,0,0,0,21.60085,0,0,0,0,0,0,0,0,0,0,0,0,0,76,79,79,83,0,0,0
0,0,0,0,0,0,0,0,0,0,0,0,0,0,0,0,0,0,0,0,0,0,0,0,0,0,0,0,0,0,55.9197,0,0,0,0,0,0,0,0,0,0,0,0,0,120,123,119,128,0,0,0
0,0,0,0,0,0,0,0,0,0,0,0,0,0,0,0,0,0,0,0,0,0,0,0,0,0,0,0,0,0,29.433902,0,0,0,0,0,0,0,0,0,0,0,0,0,66,67,70,70,0,0,0
0,0,0,0,0,0,0,0,0,0,0,0,0,0,0,0,0,0,0,0,0,0,0,0,0,0,0,0,0,0,43.23644,0,0,0,0,0,0,0,0,0,0,0,0,0,56,57,57,58,0,0,0
0,0,0,0,0,0,0,0,0,0,0,0,0,0,0,0,0,0,0,0,0,0,0,0,0,0,0,0,0,0,0,0,0,0,0,0,0,0,0,0,0,0,0,0,0,0,0,0,0,0,0
0,0,0,0,0,0,0,0,0,0,0,7358.092,6250.783,7232.863,8093.08,8768.92,10167.738,11355.969,17079.249,22449.665,31100.452,42308.344,47411.25,51837.827,45704.488,45993.621,45945.585,54922.198,62875.506,62881.752,59759.447,69596.292,79230.978,80966.267,86513.236,87545.737,93073.531,89216.032,94786.072,96631.972,101324.807,106656.911,116953.313,121382.42,143705.683,145540.236,158213.832,144109.484,154075.602,175675.343,192003.88
0,0,0,0,0,0,0,0,0,0,0,1241.801,1259.653,1318.904,1355.269,1387.997,1418.362,1454.385,1457.826,1524.151,1560.874,1549.87,1535.184,1538.621,1619.291,1560.7,1633.069,1740.476,1655.045,1644.85,1686.396,1673.614,1779.015,1772.967,1760.918,1864.835,1909.866,2025.117,2138.357,2254.369,2397.83,2591.734,2631.659,2556.382,2735.547,2790.896,2798.179,2999.85,3036.205,3269.64,3425.613
0,0,0,0,0,5830.643134,6205.058551,6312.08552,6976.798166,7513.518701,8320.08969,9349.545011,9817.09711,10360.30934,11314.34074,11390.01889,12162.16505,12867.44908,14025.59464,15173.96084,14698.17275,14704.52277,15264.75822,16479.23644,17114.36075,17546.95998,18657.06944,19041.4834,19796.25697,19200.16066,19714.444,16722.806,15446.952,13204.143,12106.892,13791.722,16574.755,17471.225,17428.394,12720.123,13727.536,14965.323,15890.993,16635.212,18093.711,16050.951,17064.334,16601.751,16808.459,15177.003,15536.01
0,0,0,0,0,0,0,0,0,0,0,0,0,0,0,0,0,0,0,0,0,0,0,0,0,0,0,0,0,0,37.59,0,0,0,0,0,0,0,0,0,0,0,0,0,256,228,243,205,0,0,0
0,0,0,0,0,0,0,0,0,0,0,0,0,0,0,0,0,0,0,0,0,0,0,0,0,0,0,0,0,0,0,0,0,0,0,0,0,0,0,0,0,0,0,0,0,0,0,0,0,0,0
0,0,0,0,0,0,0,0,0,0,0,2730.377,3378.129,3754.056,4004.674,3711.769,3883.124,4100.039,5212.354,5078.863,5131.967,5381.903,5258.759,5887.316,6708.926,6765.935,7179.179,7640.883,8472.96,8477.701,11514.794,13031.509,14790.314,18148.796,22054.439,18810.815,19866.771,22298.642,19928.299,18069.098,18692.461,21229.344,21004.705,25634.318,30845.394,21946.906,23509.002,21818.726,25162.253,28262.439,34279.586
0,0,0,0,0,10355.0669,10733.41392,10816.06819,11554.13592,12228.17568,13429.57299,14258.444,14821.897,15517.996,16245.164,16775.86,17391.949,18299.947,19214.069,19594.082,19848.577,19434.098,18989.909,19194.346,20169.84,20734.346,20677.397,21290.246,21568.11,21551.529,21327.458,19126.767,18093.938,17758.797,17432.417,17777.96,18074.528,18096.695,17553.323,17652.615,17743.064,18593.058,18732.514,18638.915,18353.047,18830.459,18640.418,17850.05,18320.926,16734.763,17827.605
0,0,0,0,0,1688.723133,1797.164682,1828.162792,2020.682828,2176.13264,2409.738961,2707.89904,2843.31567,3000.645664,3276.960793,3298.879374,3522.515268,3726.785951,4062.218451,4394.818564,4257.016553,4258.855702,4421.116115,4772.864184,4956.814581,5082.107849,5403.627702,5514.965117,5733.569405,5560.92265,5709.874,5556.314,5159.051,5408.367,5625.99,6067.889,6321.271,6573.987,6447.842,6429.997,6413.049,6731.651,6830.174,6911.894,7131.44,7292.559,7321.259,7320.629,7739.929,7096.892,7230.318
0,0,0,0,0,0,0,0,0,0,0,0,0,0,0,0,0,0,0,0,0,0,0,0,0,0,0,0,0,0,53.312,0,0,0,0,0,0,0,0,0,0,0,0,0,58,58,59,64,0,0,0
0,0,0,0,0,0,0,0,0,0,0,45428.94,46194.695,49183.822,50999.168,53971.469,55835.221,56992.882,60217.108,62185.793,65382.38,71922.266,78216.097,79641.89,86407.123,86400.075,89978.794,93238.41,97010.948,92901.589,90956.064,94980.766,88586.054,94937.949,98168.399,103580.898,106152.905,108372.473,106516.349,109056.448,109263.611,112399.195,109907.892,117373.966,128721.939,128214.011,127255.163,136604.243,146768.413,142761.219,142290.509
0,0,0,0,0,0,0,0,0,0,0,16971.178,18470.151,21544.824,23416.592,24459.178,27194.687,31542.574,34572.92,39906.225,41211.167,40468.957,43032.392,46687.178,51171.486,53528.043,61181.054,65987.609,74155.8,78907.943,93086.987,99941.842,110910.81,124403.573,132093.153,144755.748,157276.721,171228.401,156335.464,172887.106,188161.35,191046.231,198666.752,202716.968,208284.18,210176.459,213599.831,222146.519,226946.325,229178.008,249963.506
16161.398,17140.184,18776.071,19514.031,21610.75,22838.422,25529.282,28806.202,32903.348,35106.123,37977.201,42606.178,44833.885,51572.04,55894.327,57489.453,61719.27,60652.369,64786.234,65783.808,67693.7,68724.64,66870.572,68001.511,69509.219,70910.045,72376.225,74145.744,80060.688,88124.567,90089.68,93436.455,95130.346,91276.555,96342.549,100788.842,99317.91,105589.952,110871.379,116233.068,121856.493,125037.662,128757.002,133195.983,139029.832,141914.407,141748.273,143835.707,139013.333,127732.392,127748.578
0,0,0,0,0,0,0,0,0,0,0,3797.919,4045.504,4133.988,3927.612,4108.939,4136.502,4096.704,4320.767,4486.088,4534.779,4625.043,4893.168,4917.781,5066.213,4995.664,5160.988,5360.725,5437.501,5454.558,5516.182,5599.655,5745.811,6057.617,5817.112,5949.27,6720.477,6964.425,7079.824,7560.546,8326.569,8049.573,8198.521,8682.011,8797.975,9000.817,9083.326,9261.356,8941.904,9082.084,9844.499
0,0,0,0,0,0,0,0,0,0,0,7027.827,7150.024,7366,7443.22,7466.991,7475.766,7702.031,7820.841,7896.995,8365.125,8446.105,8825.89,9110.589,9083.398,9468.652,9605.219,9454.905,10045.866,10041.295,10629.388,10608.922,10601.763,10296.18,11934.451,11979.125,12271.154,12536.206,12677.42,14068.145,13340.266,13988.038,15204.852,14725.044,14768.544,14836.67,15917.351,15293.511,15538.693,16297.349,16605.113
0,0,0,0,0,0,0,0,0,0,0,0,0,0,0,0,0,0,0,0,0,0,0,0,0,0,0,0,0,0,556.005378,0,0,0,0,0,0,0,0,0,0,0,0,0,664,696,714,714,0,0,0
0,0,0,0,0,0,0,0,0,0,0,0,0,0,0,0,0,0,0,0,0,0,0,0,0,0,0,0,0,0,308.7987248,0,0,0,0,0,0,0,0,0,0,0,0,0,406,399,406,423,0,0,0
20199.532,20620.763,21832.091,23424.479,25079.511,26585.435,28394.177,28562.117,31655.606,34288.398,37650.763,36040.684,36771.388,38841.219,36805.012,39032.858,42355.062,41710.163,41516.935,43372.681,40485.447,42410.888,40608.755,41155.919,43485.828,47231.346,49204.445,48400.375,49390.735,47514.286,47198.124,48694.838,46543.922,46505.622,49699.958,50332.723,51498.737,50175.165,51067.351,50149.029,47555.792,50531.548,51783.589,50617.918,52588.271,51569.035,50206.82,50059.598,49601.27,45406.513,51315.218
7451.791,7905.567,8744.82,10645.893,10533.126,11382.642,11638.888,12228.202,13182.739,14325.052,15802.393,16388.901,17078.13,18909.459,17651.393,17182.592,17779.445,18075.918,18813.911,19148.586,20036.16,19655.205,19073.093,20368.741,20867.584,22079.416,23054.011,22455.313,22660.649,22194.594,24361.601,24733.795,24844.077,24222.845,24441.835,24097.136,24566.445,24996.23,25297.313,25341.536,25004.521,26556.971,25888.395,25996.165,26090.135,25940.792,27084.487,25760.038,26773.312,26967.521,26198.53
0,0,0,0,0,0,0,0,0,0,0,2378.138,1979.511,2058.458,2646.791,3052.917,3457.394,3843.328,4201.56,5448.881,4465.188,5331.626,6395.161,7333.218,8440.817,7832.045,8044.1,8945.535,9265.178,9299.989,10465.307,11402.158,10908.604,10963.552,11439.296,12098.028,12773.287,13869.222,15576.28,15662.222,15764.804,15638.173,16735.357,16542.655,17937.162,20792.054,21629.615,22802.894,23051.834,21232.849,21648.603
0,0,0,0,0,2517.049992,2678.719963,2805.585701,2894.839954,2975.881918,3121.202273,3277.346202,3470.460907,3628.010711,3818.713336,4012.212822,4194.934011,4376.566098,4555.431948,4670.266945,4615.016503,4680.39028,4804.210559,4886.89908,5063.258617,5262.011189,5005.386691,5059.284712,5362.521982,5189.16603,5307.75,5070.733,4143.179,3244.117,2488.106,2225.079,2148.245,2141.01,2250.846,2238.37,2148.662,2122.29,2128.862,2169.52,2346.115,2341.585,2414.262,2582.768,2472.991,2333.384,2370.094
0,0,0,0,0,0,0,0,0,0,0,7576.47,7645.514,7692.944,7667.018,7671.005,7748.086,7750.591,7838.366,7912.076,8015.041,8129.099,8250.489,8420.485,8585.322,8767.56,8981.212,9145.627,9310.802,9515.159,9732.94,9932.458,10060.703,10333.552,10519.404,11021.752,11158.082,11266.306,11933.157,12750.209,13389.944,14202.899,14916.291,15491.193,16197.713,17141.263,17808.712,18305.766,18920.626,19345.262,20043.347
0,0,0,0,0,0,0,0,0,0,0,13689.32,14369.516,15607.354,15940.765,17340.5,18834.995,20054.297,20839.208,22013.23,22002.024,22239.639,22488.162,20660.175,22812.996,24738.397,25985.47,28704.286,32729.978,36616.379,41943.931,45547.98,48527.959,51206.387,56623.585,61924.038,69241.458,70531.759,66132.191,70602.531,72284.396,74385.215,82256.943,89107.426,96291.171,99165.875,101043.244,104886.244,107655.685,107300.223,117428.736
0,0,0,0,0,0,0,0,0,0,0,0,0,0,0,0,0,0,0,0,0,0,0,0,0,0,0,0,0,0,0,0,0,0,0,0,0,0,0,0,0,0,0,0,58,58,59,61,0,0,0
0,0,0,0,0,0,0,0,0,0,0,726.753,746.289,746.284,745.999,777.427,778.414,826.087,849.825,884.144,887.827,905.873,954.199,931.001,967.743,986.239,1076.291,1139.183,1162.983,1198.89,1263.24,1293.832,1309.652,1315.844,1488.085,1566.256,1756.175,1730.835,1850.104,2115.237,2110.736,2105.747,2181.626,2302.761,2327.027,2371.755,2367.865,2458.068,2562.691,2627.691,2691.668
0,0,0,0,0,0,0,0,0,0,0,0,0,0,0,0,0,0,0,0,0,0,0,0,0,0,0,0,0,0,25.345564,0,0,0,0,0,0,0,0,0,0,0,0,0,57,57,57,58,0,0,0
0,0,0,0,0,0,0,0,0,0,0,2637.488,2686.208,2638.771,2674.615,2321.367,2577.692,2920.175,3508.297,3633.916,3827.929,4064.337,4088.195,4237.358,4787.396,5090.832,5321.059,5006.449,5492.477,5333.091,5987.318,5950.624,6541.706,6260.606,6297.036,6149.385,7272.416,6855.452,7960.052,9294.256,10854.306,11762.248,12540.254,13541.395,14114.886,16879.892,19585.072,20330.738,19562.935,20276.631,21370.405
0,0,0,0,0,0,0,0,0,0,0,1655.66,1809.271,1886.03,2100.956,2173.274,2318.375,2516.682,2763.385,3001.323,3267.939,3371.782,3317.812,3771.282,3995.905,4162.116,4104.426,4170.093,4380.697,4364.854,4946.168,4898.309,5447.889,5302.651,5731.042,5804.323,6067.073,6257.652,6820.42,7049.927,7305.91,7711.126,7813.638,8027.585,8462.733,8314.425,8751.725,9038.797,9426.918,9193.033,9673.822
10689.867,10849.817,11853.724,12449.336,13123.261,13810.89,15169.011,15717.79,16525.529,17421.444,18212.381,19543.716,22072.568,24354.869,25203.408,26756.317,29116.78,31931.478,31809.575,30244.168,31444.691,31708.831,33701.369,35680.819,37114.063,39315.665,42358.191,46911.902,47314.568,49094.067,52756.04,52088.959,53683.247,56890.77,56199.772,61545.117,66935.602,70481.134,71681.93,70376.209,76348.213,70401.701,74247.891,77833.241,80857.714,84379.093,93034.988,100005.025,98501.727,97660.685,105133.109
0,0,0,0,0,7953.397354,8464.243594,8865.1151,9147.141499,9403.21863,9862.403203,10355.7882,10965.9938,11463.82109,12066.40498,12677.8264,13255.19047,13829.11319,14394.29512,14757.15178,14582.57093,14789.13959,15180.38803,15441.66796,15998.93042,16626.9506,20862.76,20962.13664,21171.23655,21497.85309,17517.529,15200.199,10382.754,10495.201,13304.572,13691.507,11961.288,11976.641,12517.345,14822.284,14870.926,15153.092,15810.672,17628.943,18405.853,19166.375,19628.229,22367.475,22669.298,19872.529,22674.65
0,0,0,0,0,0,0,0,0,0,0,0,0,0,0,0,0,0,0,0,0,0,0,0,0,0,0,0,0,0,0,0,0,0,0,0,0,0,0,0,0,0,0,0,0,0,0,0,0,0,0
0,0,0,0,0,0,0,0,0,0,0,0,0,0,0,0,0,0,0,0,0,0,0,0,0,0,0,0,0,0,0,0,0,0,0,0,0,0,0,0,0,0,0,0,0,0,0,0,0,0,0
0,0,0,0,0,104107.6085,110794.4341,116041.723,119733.3648,123085.3383,129095.928,135554.1911,143541.601,150058.0124,157945.6564,165948.9813,173506.5054,181018.9832,188417.0468,193166.7327,190881.5213,193585.4436,198706.7694,202126.8462,209421.2462,217641.8438,219212.7515,224090.9345,224917.4396,215994.2103,251981.519,252397.012,219573.521,194507.339,165770.232,163696.474,149968.796,143495.385,135696.275,135061.405,133793.924,134095.99,135601.33,144640.651,143842.979,142883.029,137332.81,137342.819,134562.247,114419.758,132307.571
0,0,0,0,0,0,0,0,0,0,0,1011.96,1051.108,1304.934,1341.198,1937.391,2460.857,4107.366,4770.301,5569.255,7232.082,8871.029,9666.853,9314.268,12077.457,13717.4,15584.263,17299.99,17744.75,20486.802,20424.067,23487.882,22356.943,23513.568,26053.716,27684.721,31276.31,30876.024,32061.505,32612.795,33944.33,37364.507,40578.236,40189.903,42309.657,43231.202,45910.659,51975.446,58347.229,60672.222,63099.033
158917.658,158752.925,164402.938,171509.993,173476.866,180946.95,180710.655,183816.753,188059.028,197213.472,205116.424,208676.419,210208.467,218071.301,210010.049,199366.405,203317.313,207656.524,206546.613,217055.632,198431.522,192447.608,191367.235,190307.907,189955.497,200784.943,203953.51,205551.401,207404.534,206972.72,205919.952,212937.887,212211.77,214261.543,215788.27,216263.87,225574.791,219252.842,221482.644,222040.097,222939.748,223770.117,218305.832,222080.286,221557.861,222637.851,218960.651,210992.738,208208.85,196484.569,201828.74
1019297.875,1030883.581,1077184.78,1132953.042,1177615.265,1225643.406,1295593.394,1353200.511,1419688.638,1486102.025,1552056.785,1587469.891,1666785.355,1729941.116,1691496.707,1653546.214,1766206.084,1824805.849,1878261.949,1874042.371,1804678.442,1754849.967,1681667.254,1683139.814,1755293.762,1774100.996,1771218.275,1846781.897,1919309.241,1947486.405,1914996.334,1930629.906,1969359.184,2003932.74,2041105.156,2067213.345,2113130.477,2134504.938,2152669.342,2210902.907,2273331.687,2230816.894,2255957.295,2261151.295,2307819.192,2318861.102,2296686.19,2337013.725,2277034.423,2164458.407,2215504.11
