-1,2.5,3,3,3,6,2.49,2.49,2.5,1,2.5,2.5,2.5,2.5,3,3,3,1.92,2.91,5.4,2.9,2.5,2.5,2.5,0.6,1,3.2
-7.943661371,-10.3472323,-8.347232298,-8.677232298,-10.9472323,-14.0472323,-7.321886676,-7.280412021,-0.29382672,-1.902265127,-8.802265127,-5.356700188,-8.948878494,-3.443878494,-8.277232298,-8.397232298,-9.847232298,-0.236706067,-0.355552793,-3.155552793,-9.347232298,-3.259347133,-2.7583592,-5.607449704,-6.948029917,-7.553385919,-35.84835463
-3.633702622,-6.037273549,-4.037273549,-4.367273549,-6.637273549,-9.737273549,-3.011927927,-2.970453272,4.016132029,-2.908310993,-4.608310993,-1.046741439,-4.908310993,-4.477810993,-3.967273549,-4.087273549,-5.537273549,-3.257056036,-0.944671089,-3.744671089,-5.037273549,1.050611616,1.551599549,-1.297490955,-2.638071168,-3.24342717,-9.6
-8.745720571,-11.1492915,-9.149291498,-9.479291498,-11.7492915,-14.8492915,-8.123945876,-8.082471222,-4.429421621,-3.644257767,-8.244257767,-6.158759388,-7.783431684,-4.184331684,-9.079291498,-9.199291498,-10.6492915,-3.655060964,-10.51466939,-13.31466939,-10.1492915,-4.061406333,-3.5604184,-6.409508904,-7.750089117,-8.35544512,-22.3
2.049225843,-0.354345084,1.645654916,1.315654916,-0.954345084,-4.054345084,2.671000538,2.712475192,-1.926865608,4.67291175,-0.32708825,-0.077102251,-0.20038806,-0.13038806,1.715654916,1.595654916,0.145654916,2.459872872,5.112782894,2.312782894,0.645654916,-0.30038806,-0.50038806,4.38543751,3.044857296,2.439501294,-25.85546741
-8.63142884,-11.03499977,-9.034999767,-9.364999767,-11.63499977,-14.73499977,-8.009654145,-7.968179491,-0.520155049,-3.529966036,-8.129966036,-6.044467657,-7.669139954,-4.070039954,-8.964999767,-9.084999767,-10.53499977,-0.450714105,-4.550714105,-7.350714105,-10.03499977,-3.947114602,-3.446126669,-6.295217173,-7.635797387,-8.241153389,-36.53612209
3.538986765,1.135415838,3.135415838,2.805415838,0.535415838,-2.564584162,4.16076146,4.202236114,6.086169253,10.76162808,6.561628076,6.125947948,6.571628076,8.610728076,3.205415838,3.085415838,1.635415838,10.17212681,4.663446663,1.863446663,2.135415838,8.223301003,8.724288936,5.875198432,4.534618218,3.929262216,-24.36570649
-3.882850833,-6.28642176,-4.28642176,-4.61642176,-6.88642176,-9.98642176,-3.261076138,-3.219601483,-1.335668345,3.339790479,-0.860209521,-1.29588965,-0.850209521,1.188890479,-4.21642176,-4.33642176,-5.78642176,2.750289213,-2.758390934,-5.558390934,-5.28642176,0.801463405,1.302451338,1.2,-1.905039342,-3.214702338,-1.7
-2.601645431,-5.005216358,-3.005216358,-3.335216358,-5.605216358,-8.705216358,-1.979870736,-1.938396082,5.04818922,-1.876253802,-3.576253802,-6.32839656,-3.876253802,-3.445753802,-2.935216358,-3.055216358,-4.505216358,-4.67139656,0.087386101,-2.712613899,-4.005216358,-6.17139656,-6.27139656,-0.265433764,3.800126254,6.773528507,-4.1
-8.009038984,-10.41260991,-8.41260991,-8.74260991,-11.01260991,-14.11260991,-7.387264288,-7.345789634,-3.692740033,-0.786397672,-4.986397672,-5.422077801,-4.976397672,-2.937297672,-8.34260991,-8.46260991,-9.91260991,-1.375898938,-6.884579085,-9.684579085,-9.41260991,-3.324724745,-2.823736812,-5.672827317,-7.01340753,-7.618763532,-35.91373224
-4.238984061,-6.642554988,-4.642554988,-4.972554988,-7.242554988,-10.34255499,-3.617209366,-3.575734712,-5.110991036,-3.042998702,-6.842998702,-1.652022878,-8.691120516,-6.138620516,-4.572554988,-4.692554988,-6.142554988,-1.58473409,-3.916133742,-6.716133742,-5.642554988,-7.231120516,-6.887552054,1.6,-0.216158751,-0.354177165,-3.1
2.742040013,0.338469087,2.338469087,2.008469087,-0.261530913,-3.361530913,3.363814709,3.405289363,-1.234051438,5.365725921,0.365725921,0.61571192,0.492426111,0.562426111,2.408469087,2.288469087,0.838469087,0.729030981,5.805597065,3.005597065,1.338469087,0.392426111,0.192426111,1.8,-0.31788586,-0.637627236,-25.16265324
-4.001019596,-6.404590523,-4.404590523,-4.734590523,-7.004590523,-10.10459052,-3.379244901,-3.337770246,3.648815055,-3.275627967,-4.975627967,-7.727770725,-5.275627967,-4.845127967,-4.334590523,-4.454590523,-5.904590523,-6.070770725,-1.311988063,-4.111988063,-5.404590523,-7.570770725,-7.670770725,-1.664807929,2.386843181,3.733939989,-11.6
-6.585123644,-8.98869457,-6.98869457,-7.31869457,-9.58869457,-12.68869457,-5.963348948,-5.921874294,-7.457130618,0.637517668,-3.562482332,-3.998162461,-3.552482332,-1.513382332,-6.91869457,-7.03869457,-8.48869457,0.048016402,-5.460663745,-8.260663745,-7.98869457,-1.900809405,-1.399821472,-3.2,-5.58949219,-6.194848192,-34.4898169
-8.000434668,-10.4040056,-8.404005595,-8.734005595,-11.0040056,-14.1040056,-7.378659973,-7.337185319,-3.049034663,-1.423480757,-6.623480757,-5.413473485,-7.038145782,-3.439045782,-8.334005595,-8.454005595,-9.904005595,-3.174946469,-9.769383491,-12.56938349,-9.404005595,-3.31612043,-2.815132497,-5.664223001,-7.004803215,-7.610159217,-35.90512792
-12.829491,-15.23306193,-13.23306193,-13.56306193,-15.83306193,-18.93306193,-12.20771631,-12.16624165,-5.17965635,-6.788094757,-13.68809476,-10.24252982,-13.83470812,-8.329708124,-13.16306193,-13.28306193,-14.73306193,-5.122535696,-5.241382423,-8.041382423,-14.23306193,-8.145176763,-7.64418883,-2.6,3.199777814,14.78204603,-135.1
-7.760236014,-10.16380694,-8.163806941,-8.493806941,-10.76380694,-13.86380694,-7.138461318,-7.096986664,-5.213053525,-0.537594702,-4.737594702,-5.173274831,-4.727594702,-2.688494702,-8.093806941,-8.213806941,-9.663806941,-1.127095968,-6.635776115,-9.435776115,-9.163806941,-3.075921775,-2.574933842,-3.2,-6.76460456,-7.369960562,-35.66492927
-0.823180653,-3.22675158,-1.22675158,-1.55675158,-3.82675158,-6.92675158,-0.201405958,-0.159931304,-0.813817996,-0.097789025,-1.797789025,-4.549931782,-2.097789025,-1.667289025,-1.15675158,-1.27675158,-2.72675158,-2.892931782,1.865850879,-0.934149121,-2.22675158,-4.392931782,-4.492931782,1.513031014,1.434700539,2.570044868,29.3
1.170625894,-1.232945033,0.767054967,0.437054967,-1.832945033,-4.932945033,1.792400589,1.833875244,-2.805465557,3.794311802,-1.205688198,-0.9557022,-1.078988008,-1.008988008,0.837054967,0.717054967,-0.732945033,-0.842383139,4.234182946,1.434182946,-0.232945033,-1.178988008,-1.378988008,3.4,-0.0426154,-0.089476013,-26.73406736
-9.53925653,-11.94282746,-9.942827457,-10.27282746,-12.54282746,-15.64282746,-8.917481835,-8.87600718,-5.22295758,-2.316615218,-6.516615218,-6.952295347,-6.506615218,-4.467515218,-9.872827457,-9.992827457,-11.44282746,-2.906116484,-8.414796631,-11.21479663,-10.94282746,-4.854942292,-4.353954359,-7.203044863,-8.543625076,-9.148981078,-37.44394978
-13.91689162,-16.32046255,-14.32046255,-14.65046255,-16.92046255,-20.02046255,-13.29511692,-13.25364227,-5.805617829,-8.815428816,-13.41542882,-11.32993044,-12.95460273,-9.355502733,-14.25046255,-14.37046255,-15.82046255,-5.736176884,-9.836176884,-12.63617688,-15.32046255,-9.232577382,-8.731589449,-7.2,-12.92126017,-13.52661617,-41.82158487
-2.846808569,-5.250379496,-3.250379496,-3.580379496,-5.850379496,-8.950379496,-2.225033874,-2.183559219,-3.718815543,4.375832743,0.175832743,-0.259847386,0.185832743,2.224932743,-3.180379496,-3.300379496,-4.750379496,3.786331477,-1.72234867,-4.52234867,-4.250379496,1.837505669,2.338493602,-0.510596902,-1.851177115,-2.456533117,-30.75150182
-2.91368696,-5.317257887,-3.317257887,-3.647257887,-5.917257887,-9.017257887,-2.291912264,-2.25043761,4.736147692,3.127709284,-3.772290716,-0.326725777,-3.918904083,1.586095917,-3.247257887,-3.367257887,-4.817257887,4.793268345,4.674421618,1.874421618,-4.317257887,1.770627279,2.271615212,-0.577475293,-1.918055506,-2.523411508,-30.81838021
-9.947942571,-12.3515135,-10.3515135,-10.6815135,-12.9515135,-16.0515135,-9.326167875,-9.284693221,-2.298107919,-2.725301259,-6.925301259,-7.360981387,-6.915301259,-4.876201259,-10.2815135,-10.4015135,-11.8515135,-3.314802525,-8.823482672,-11.62348267,-11.3515135,-5.263628332,-4.762640399,-7.611730904,-8.952311117,-9.557667119,-37.85263582
-2.95391477,-5.357485697,-3.357485697,-3.687485697,-5.957485697,-9.057485697,-2.332140075,-2.290665421,-2.944552113,-2.228523142,-3.928523142,-0.366953587,-4.228523142,-3.798023142,-3.287485697,-3.407485697,-4.857485697,-2.577268184,-0.264883238,-3.064883238,-4.357485697,1.730399468,2.231387401,-0.617703103,-4.772915669,-8.311223534,11.7
-7.168962341,-9.572533268,-7.572533268,-7.902533268,-10.17253327,-13.27253327,-6.547187646,-6.505712992,0.94231145,-2.067499537,-6.667499537,-4.582001158,-6.206673455,-2.607573455,-7.502533268,-7.622533268,-9.072533268,1.011752394,-3.088247606,-5.888247606,-8.572533268,-2.484648103,-1.98366017,-2.6,-6.173330888,-6.77868689,-93
-8.846420431,-11.24999136,-9.249991358,-9.579991358,-11.84999136,-14.94999136,-8.224645736,-8.183171081,-6.299237943,-1.623779119,-5.823779119,-6.259459248,-5.813779119,-3.774679119,-9.179991358,-9.299991358,-10.74999136,-2.213280385,-3,-5.8,-10.24999136,-4.162106193,-3.66111826,-3.5,-1.036963938,-2.029964591,-36.75111369
-7.262901124,-9.666472051,-7.666472051,-7.996472051,-10.26647205,-13.36647205,-6.641126429,-6.599651774,-2.311501119,-1.22150488,-8.12150488,-4.675939941,-8.268118247,-2.763118247,-7.596472051,-7.716472051,-9.166472051,-0.826300065,-7.081296268,-9.881296268,-8.666472051,-2.578586886,-2.077598953,-4.926689457,-6.26726967,-6.872625672,-35.16759438
-2.807257998,-5.210828925,-3.210828925,-3.540828925,-5.810828925,-8.910828925,-2.185483303,-2.144008648,-2.79789534,-2.081866369,-3.781866369,-0.220296815,-4.081866369,-3.651366369,-3.140828925,-3.260828925,-4.710828925,-2.430611412,-0.118226465,-2.918226465,-4.210828925,1.87705624,2.378044173,-0.471046331,-5.572887378,-9.616387928,6.5
-14.54134776,-16.94491869,-14.94491869,-15.27491869,-17.54491869,-20.64491869,-13.91957306,-13.87809841,-6.430073967,-9.439884954,-14.03988495,-11.95438658,-13.57905887,-9.979958872,-14.87491869,-14.99491869,-16.44491869,-6.360633023,-10.46063302,-13.26063302,-15.94491869,-9.85703352,-9.356045587,-12.20513609,-13.5457163,-14.15107231,-130
-12.59375067,-14.9973216,-12.9973216,-13.3273216,-15.5973216,-18.6973216,-11.97197597,-11.93050132,-4.482476878,-7.492287865,-12.09228786,-10.00678949,-11.63146178,-8.032361782,-12.9273216,-13.0473216,-14.4973216,-4.413035933,-8.513035933,-11.31303593,-13.9973216,-7.909436431,-7.408448498,-10.257539,-11.59811922,-12.20347522,-40.49844392
-12.44706626,-14.85063718,-12.85063718,-13.18063718,-15.45063718,-18.55063718,-11.82529156,-11.78381691,-4.335792467,-7.345603454,-11.94560345,-9.860105075,-11.48477737,-7.885677371,-12.78063718,-12.90063718,-14.35063718,-4.266351522,-8.366351522,-11.16635152,-13.85063718,-7.76275202,-7.261764087,-3.2,-11.4514348,-12.05679081,-40.35175951
-13.44249234,-15.84606327,-13.84606327,-14.17606327,-16.44606327,-19.54606327,-12.82071765,-12.77924299,-5.79265769,-7.401096097,-14.3010961,-10.85553116,-14.44770946,-8.942709464,-13.77606327,-13.89606327,-15.34606327,-7.005891282,-13.26088749,-16.06088749,-14.84606327,-8.758178103,-8.25719017,-11.10628067,-12.44686089,-13.05221689,-41.3471856
-11.73135766,-14.13492859,-12.13492859,-12.46492859,-14.73492859,-17.83492859,-11.10958296,-11.06810831,-3.620083868,-6.629894855,-11.22989486,-9.144396476,-10.76906877,-7.169968773,-12.06492859,-12.18492859,-13.63492859,-3.550642924,-7.650642924,-10.45064292,-13.13492859,-7.047043421,-6.546055488,-0.4,-10.73572621,-11.34108221,-39.63605091
7.878791473,5.475220546,7.475220546,7.145220546,4.875220546,1.775220546,8.500566169,8.542040823,7.006784499,8.819687287,3.919687287,10.46575266,3.426655019,5.979155019,7.545220546,7.425220546,5.975220546,5.771709032,8.201641793,5.401641793,6.475220546,4.886655019,5.230223481,2.5,0.974427721,1.628109986,7.5
-9.39235412,-11.79592505,-9.795925047,-10.12592505,-12.39592505,-15.49592505,-8.770579425,-8.72910477,-1.281080329,-4.290891316,-8.890891316,-6.805392937,-8.430065233,-4.830965233,-9.725925047,-9.845925047,-11.29592505,-1.211639384,-5.311639384,-8.111639384,-10.79592505,-4.708039882,-4.207051949,-7.056142453,-8.396722666,-9.002078668,-37.29704737
-13.14231297,-15.54588389,-13.54588389,-13.87588389,-16.14588389,-19.24588389,-12.52053827,-12.47906362,-5.031039174,-8.040850161,-12.64085016,-10.55535178,-12.18002408,-8.580924078,-13.47588389,-13.59588389,-15.04588389,-4.96159823,-9.06159823,-11.86159823,-14.54588389,-8.457998727,-7.957010794,-10.8061013,-12.14668151,-12.75203751,-41.04700622
-13.01877181,-15.42234274,-13.42234274,-13.75234274,-16.02234274,-19.12234274,-12.39699711,-12.35552246,-4.907498019,-7.917309006,-12.51730901,-10.43181063,-12.05648292,-8.457382923,-13.35234274,-13.47234274,-14.92234274,-4.838057074,-8.938057074,-11.73805707,-14.42234274,-8.334457572,-7.833469639,-10.68256014,-12.02314036,-12.62849636,-40.92346506
-0.774274717,-3.177845644,-1.177845644,-1.507845644,-3.777845644,-6.877845644,-0.152500021,-0.111025367,3.542024233,6.448366595,2.248366595,1.812686466,2.258366595,4.297466595,-1.107845644,-1.227845644,-2.677845644,5.858865329,0.350185182,-2.449814818,-2.177845644,3.910039522,4.411027454,14.8,-1.187104975,-1.899530561,4.9
-1.902598583,-4.30616951,-2.30616951,-2.63616951,-4.90616951,-8.00616951,-1.280823888,-1.239349233,-0.22,2.277681618,-5.022318382,-1.523,-5.201835849,-0.247835849,-2.23616951,-2.35616951,-3.80616951,0.1,-2.2,-5,-3.30616951,-4.7,-6.1,0.433613084,-0.039720522,0.004877959,4.5
-9.264170201,-11.66774113,-9.667741128,-9.997741128,-12.26774113,-15.36774113,-8.642395506,-8.600920851,-4.947871251,-2.041528889,-6.241528889,-6.677209018,-6.231528889,-4.192428889,-9.597741128,-9.717741128,-11.16774113,-2.631030155,-8.139710302,-10.9397103,-10.66774113,-4.579855963,-4.07886803,-6.927958534,-0.313875491,-0.739486593,-64.1
-12.90543349,-15.30900442,-13.30900442,-13.63900442,-15.90900442,-19.00900442,-12.2836588,-12.24218414,-4.794159701,-7.803970687,-12.40397069,-10.31847231,-11.9431446,-8.344044605,-13.23900442,-13.35900442,-14.80900442,-4.724718756,-8.824718756,-11.62471876,-14.30900442,-8.221119254,-7.720131321,-10.56922182,-11.90980204,-12.51515804,-40.81012675
-13.65952093,-16.06309185,-14.06309185,-14.39309185,-16.66309185,-19.76309185,-13.03774623,-12.99627158,-5.548247135,-8.558058121,-13.15805812,-11.07255974,-12.69723204,-9.098132039,-13.99309185,-14.11309185,-15.56309185,-5.47880619,-9.57880619,-12.37880619,-15.06309185,-8.975206687,-8.474218754,-11.32330926,-12.66388947,-13.26924547,-41.56421418
-10.4800143,-12.88358523,-10.88358523,-11.21358523,-13.48358523,-16.58358523,-9.858239609,-9.816764955,-2.368740513,-5.3785515,-9.9785515,-7.893053121,-9.517725417,-5.918625417,-10.81358523,-10.93358523,-12.38358523,-2.299299569,-6.399299569,-9.199299569,-11.88358523,-5.795700066,-5.294712133,-3.3,-9.48438285,-10.08973885,-38.38470756
-8.881447209,-11.28501814,-9.285018136,-9.615018136,-11.88501814,-14.98501814,-8.259672514,-8.21819786,-4.565148259,-1.658805898,-5.858805898,-6.294486026,-5.848805898,-3.809705898,-9.215018136,-9.335018136,-10.78501814,-2.248307164,-7.756987311,-10.55698731,-10.28501814,-4.197132971,-3.696145038,-3.8,-7.885815756,-8.491171758,-36.78614046
-1.535908491,-3.939479418,-1.939479418,-2.269479418,-4.539479418,-7.639479418,-0.914133796,-0.872659142,-1.526545834,-0.810516863,-2.510516863,1.051052692,-2.810516863,-2.380016863,-1.869479418,-1.989479418,-3.439479418,-1.159261905,1.153123041,-1.646876959,-2.939479418,3.148405747,3.64939368,0.800303176,-2.113351662,-3.662346746,3.1
-9.206069088,-11.60964001,-9.609640015,-9.939640015,-12.20964001,-15.30964001,-8.584294393,-8.542819738,-4.889770138,-1.983427776,-6.183427776,-6.619107905,-6.173427776,-4.134327776,-9.539640015,-9.659640015,-11.10964001,-2.572929042,-8.081609189,-10.88160919,-10.60964001,-4.52175485,-4.020766917,-6.869857421,-8.210437634,-8.815793636,-37.11076234
-4.031746808,-6.435317735,-4.435317735,-4.765317735,-7.035317735,-10.13531773,-3.409972113,-3.368497458,-1.48456432,-1.4080609,-6.4080609,-1.444785625,-8.483883263,-5.931383263,-4.365317735,-4.485317735,-5.935317735,-3.621099779,-0.968189757,-3.768189757,-5.435317735,-7.023883263,-6.680314801,-1.695535141,-3.036115354,-3.641471356,-1.7
0.504671071,-1.898899856,0.101100144,-0.228899856,-2.498899856,-5.598899856,1.126445766,1.167920421,0.514033728,1.2300627,-0.4699373,3.091632254,-0.7699373,-0.3394373,0.171100144,0.051100144,-1.398899856,0.881317657,3.193702604,0.393702604,-0.898899856,5.188985309,5.689973242,2.840882738,-0.637291417,-1.074787193,13.9
2.500404279,0.096833352,2.096833352,1.766833352,-0.503166648,-3.603166648,3.122178974,3.163653629,-1.475687172,5.124090187,0.124090187,0.374076185,0.250790376,0.320790376,2.166833352,2.046833352,0.596833352,0.487395246,5.56396133,2.76396133,1.096833352,0.150790376,-0.049209624,3,0.176679985,0.319466964,-25.40428898
-12.99833412,-15.40190505,-13.40190505,-13.73190505,-16.00190505,-19.10190505,-12.37655943,-12.33508477,-4.88706033,-7.896871317,-12.49687132,-10.41137294,-12.03604523,-8.436945234,-13.33190505,-13.45190505,-14.90190505,-4.817619385,-8.917619385,-11.71761939,-14.40190505,-8.314019883,-7.81303195,-10.66212245,-12.00270267,-12.60805867,-40.90302738
-7.473141395,-9.876712322,-7.876712322,-8.206712322,-10.47671232,-13.57671232,-6.8513667,-6.809892046,-3.156842445,-0.250500084,-4.450500084,-4.886180212,-4.440500084,-2.401400084,-7.806712322,-7.926712322,-9.376712322,-0.84000135,-6.348681497,-9.148681497,-8.876712322,-2.788827157,-2.287839224,-0.9,-6.477509942,-7.082865944,-35.37783465
-8.939653731,-11.34322466,-9.343224658,-9.673224658,-11.94322466,-15.04322466,-8.317879036,-8.276404382,-4.623354781,-1.71701242,-5.91701242,-6.352692548,-5.90701242,-3.86791242,-9.273224658,-9.393224658,-10.84322466,-2.306513686,-7.815193833,-10.61519383,-10.34322466,-4.255339493,-3.75435156,-6.603442064,-1.361150288,-2.166284709,-42.3
-8.375494906,-10.77906583,-8.779065833,-9.109065833,-11.37906583,-14.47906583,-7.753720211,-7.712245556,-4.059195956,-1.152853594,-5.352853594,-5.788533723,-5.342853594,-3.303753594,-8.709065833,-8.829065833,-10.27906583,-1.74235486,-7.251035007,-10.05103501,-9.779065833,-3.691180668,-3.190192735,-70.7,-7.379863452,-7.985219454,-36.28018816
-9.754187724,-12.15775865,-10.15775865,-10.48775865,-12.75775865,-15.85775865,-9.132413029,-9.090938374,-2.104353073,-4.65272492,-9.25272492,-7.167226541,-8.791898837,-5.192798837,-10.08775865,-10.20775865,-11.65775865,-4.928699525,-11.52313655,-14.32313655,-11.15775865,-5.069873486,-4.568885553,-3.1,-8.75855627,-9.363912272,-48.8
-9.704845342,-12.10841627,-10.10841627,-10.43841627,-12.70841627,-15.80841627,-9.083070647,-9.041595993,-5.388546392,-2.48220403,-6.68220403,-7.117884159,-6.67220403,-4.63310403,-10.03841627,-10.15841627,-11.60841627,-3.071705297,-8.580385444,-11.38038544,-11.10841627,-5.020531104,-4.519543171,-1.8,-8.709213888,-9.314569891,-82.2
-7.449736633,-9.85330756,-7.85330756,-8.18330756,-10.45330756,-13.55330756,-6.827961938,-6.786487284,0.661537158,-2.348273829,-6.948273829,-4.86277545,-6.487447746,-2.888347746,-7.78330756,-7.90330756,-9.35330756,0.730978103,-3.369021897,-6.169021897,-8.85330756,-2.765422395,-2.264434462,-5.113524966,-6.454105179,-7.059461182,-35.35442989
-14.85947383,-17.26304476,-15.26304476,-15.59304476,-17.86304476,-20.96304476,-14.23769913,-14.19622448,-6.748200038,-9.758011025,-14.35801102,-12.27251265,-13.89718494,-10.29808494,-15.19304476,-15.31304476,-16.76304476,-6.678759093,-10.77875909,-13.57875909,-16.26304476,-10.17515959,-9.674171658,-12.52326216,-13.86384237,-14.46919838,-42.76416708
1.062992976,-1.340577951,0.659422049,0.329422049,-1.940577951,-5.040577951,1.684767672,1.726242326,1.072355634,1.788384605,0.088384605,-2.663758153,-0.211615395,0.218884605,0.729422049,0.609422049,-0.840577951,-1.006758153,3.752024509,0.952024509,-0.340577951,-2.506758153,-2.606758153,3.399204643,0.307912191,0.634339616,25.2
-12.97419204,-15.37776297,-13.37776297,-13.70776297,-15.97776297,-19.07776297,-12.35241735,-12.31094269,-4.862918251,-7.872729238,-12.47272924,-10.38723086,-12.01190316,-8.412803155,-13.30776297,-13.42776297,-14.87776297,-4.793477306,-8.893477306,-11.69347731,-14.37776297,-8.289877804,-7.788889871,-10.63798037,-11.97856059,-12.58391659,-33.4
2.462248746,0.058677819,2.058677819,1.728677819,-0.541322181,-3.641322181,3.084023441,3.125498096,-1.513842705,5.085934654,0.085934654,0.335920652,0.212634843,0.282634843,2.128677819,2.008677819,0.558677819,0.449239713,5.525805797,2.725805797,1.058677819,0.112634843,-0.087365157,4.798460413,3.4578802,2.852524198,-25.44244451
-9.406199518,-11.80977044,-9.809770444,-10.13977044,-12.40977044,-15.50977044,-8.784424822,-8.742950168,-5.089900567,-3.364803273,-10.26480327,-6.819238335,-10.41141664,-4.906416641,-9.739770444,-9.859770444,-11.30977044,-2.969598459,-8.281739619,-11.08173962,-10.80977044,-4.721885279,-4.220897346,-7.069987851,-8.410568064,-9.015924066,-37.31089277
4.77270334,2.369132413,4.369132413,4.039132413,1.769132413,-1.330867587,5.394478035,5.435952689,0.796611889,7.396389247,2.396389247,2.646375246,2.523089437,2.593089437,4.439132413,4.319132413,2.869132413,2.759694307,7.836260391,5.036260391,3.369132413,2.423089437,2.223089437,2.1,0.936827132,1.609025557,14
0.541717789,-1.861853137,0.138146863,-0.191853137,-2.461853137,-5.561853137,1.163492485,1.204967139,-3.434373662,3.165403697,-1.834596303,-1.584610304,-1.707896113,-1.637896113,0.208146863,0.088146863,-1.361853137,0.952364819,3.605274841,0.805274841,-0.861853137,-1.807896113,-2.007896113,2,-0.365121882,-0.619854648,3.7
-8.719479293,-11.12305022,-9.12305022,-9.45305022,-11.72305022,-14.82305022,-8.097704598,-8.056229943,-6.172296804,-3.618016489,-8.218016489,-6.13251811,-7.757190406,-4.158090406,-9.05305022,-9.17305022,-10.62305022,-0.538764557,-4.638764557,-7.438764557,-10.12305022,-4.035165055,-3.534177122,-6.383267626,-7.723847839,-8.329203841,-36.62417255
-14.19314078,-16.59671171,-14.59671171,-14.92671171,-17.19671171,-20.29671171,-13.57136609,-13.52989143,-6.081866991,-9.091677978,-13.69167798,-11.6061796,-13.2308519,-9.631751895,-14.52671171,-14.64671171,-16.09671171,-6.012426047,-10.11242605,-12.91242605,-15.59671171,-9.508826544,-9.007838611,-11.85692912,-13.19750933,-13.80286533,-42.09783404
-2.146393976,-4.549964903,-2.549964903,-2.879964903,-5.149964903,-8.249964903,-1.524619281,-1.483144626,5.503440675,-1.421002347,-3.121002347,-5.873145105,-3.421002347,-2.990502347,-2.479964903,-2.599964903,-4.049964903,-4.216145105,0.542637557,-2.257362443,-3.549964903,-5.716145105,-5.816145105,0.189817691,4.647127245,8.240667916,-7.7
1.680186363,-0.723384563,1.276615437,0.946615437,-1.323384563,-4.423384563,2.301961059,2.343435713,-2.295905088,4.303872271,-0.696127729,-0.44614173,-0.569427539,-0.499427539,1.346615437,1.226615437,-0.223384563,-0.332822669,4.743743415,1.943743415,0.276615437,-0.669427539,-0.869427539,2,-0.035153717,-0.059816679,7.6
-13.60801141,-16.01158234,-14.01158234,-14.34158234,-16.61158234,-19.71158234,-12.98623672,-12.94476206,-5.496737623,-8.50654861,-13.10654861,-11.02105023,-12.64572253,-9.046622527,-13.94158234,-14.06158234,-15.51158234,-5.427296679,-9.527296679,-12.32729668,-15.01158234,-8.923697176,-8.422709243,-11.27179975,-11.69483961,-19.59082297,-118.7
-2.346096168,-4.749667095,-2.749667095,-3.079667095,-5.349667095,-8.449667095,-1.724321473,-1.682846818,-6.322187619,0.27758974,-4.72241026,-4.472424262,-4.595710071,-4.525710071,-2.679667095,-2.799667095,-4.249667095,-1.935449138,0.717460883,-2.082539117,-3.749667095,-4.695710071,-4.895710071,-0.1,-1.350464714,-1.955820716,-30.25078942
5.860652081,3.457081154,5.457081154,5.127081154,2.857081154,-0.242918846,6.482426776,6.523901431,1.88456063,8.484337989,3.484337989,3.734323987,3.611038178,3.681038178,5.527081154,5.407081154,3.957081154,3.847643048,8.924209132,6.124209132,4.457081154,3.511038178,3.311038178,8.196863748,6.856283535,6.250927533,-22.04404117
-9.403571857,-11.80714278,-9.807142784,-10.13714278,-12.40714278,-15.50714278,-8.781797162,-8.740322508,-5.087272907,-2.180930546,-6.380930546,-6.816610674,-6.370930546,-4.331830546,-9.737142784,-9.857142784,-11.30714278,-2.770431812,-8.279111959,-11.07911196,-10.80714278,-4.719257619,-4.218269686,-2.2,-8.407940404,-9.013296406,-37.30826511
-9.696343758,-12.09991468,-10.09991468,-10.42991468,-12.69991468,-15.79991468,-9.074569062,-9.033094408,-2.046509107,-2.473702446,-6.673702446,-7.109382575,-6.663702446,-4.624602446,-10.02991468,-10.14991468,-11.59991468,-3.063203712,-8.571883859,-11.37188386,-11.09991468,-5.012029519,-4.511041586,-10.5,-8.700712304,-9.306068306,-138.3
-14.12575108,-16.52932201,-14.52932201,-14.85932201,-17.12932201,-20.22932201,-13.50397639,-13.46250173,-6.014477292,-9.024288279,-13.62428828,-11.5387899,-13.1634622,-9.564362196,-14.45932201,-14.57932201,-16.02932201,-5.945036347,-10.04503635,-12.84503635,-15.52932201,-9.441436845,-8.940448912,-11.78953942,-13.13011963,-13.73547563,-42.03044434
-14.04034927,-16.4439202,-14.4439202,-14.7739202,-17.0439202,-20.1439202,-13.41857458,-13.37709992,-5.929075483,-8.93888647,-13.53888647,-11.45338809,-13.07806039,-9.478960387,-14.3739202,-14.4939202,-15.9439202,-5.859634538,-9.959634538,-12.75963454,-15.4439202,-9.356035036,-8.855047103,-11.70413761,-13.04471782,-13.65007382,-41.94504253
-11.93276951,-14.33634044,-12.33634044,-12.66634044,-14.93634044,-18.03634044,-11.31099482,-11.26952016,-4.282934859,-4.710128199,-8.910128199,-9.345808327,-8.900128199,-6.861028199,-12.26634044,-12.38634044,-13.83634044,-5.299629465,-10.80830961,-13.60830961,-13.33634044,-7.248455272,-6.747467339,-9.596557843,-10.93713806,-11.54249406,-39.83746276
-13.09732181,-15.50089274,-13.50089274,-13.83089274,-16.10089274,-19.20089274,-12.47554712,-12.43407246,-5.44748716,-5.874680499,-10.0746805,-10.51036063,-10.0646805,-8.025580499,-13.43089274,-13.55089274,-15.00089274,-6.464181765,-11.97286191,-14.77286191,-14.50089274,-8.413007573,-7.91201964,-10.76111014,-12.10169036,-12.70704636,-41.00201507
-10.42068764,-12.82425856,-10.82425856,-11.15425856,-13.42425856,-16.52425856,-9.798912941,-9.757438287,-2.770852986,-9.695296008,-11.39529601,-7.833726454,-11.69529601,-11.26479601,-10.75425856,-10.87425856,-12.32425856,-3.787547591,-9.296227738,-12.09622774,-11.82425856,-5.736373398,-5.235385465,-16.3,-9.425056183,-10.03041219,-38.32538089
-4.972354246,-7.375925173,-5.375925173,-5.705925173,-7.975925173,-11.07592517,-4.350579551,-4.309104897,-5.844361221,-0.792074045,-8.092074045,-2.385393063,-5.977571369,-0.472571369,-5.305925173,-5.425925173,-6.875925173,1.464246813,0.895272017,-1.904727983,-6.375925173,-0.288040008,0.212947925,-0.8,-3.976722792,-4.582078795,-5.9
-0.956954079,-3.360525006,-1.360525006,-1.690525006,-3.960525006,-7.060525006,-0.335179384,-0.293704729,-0.947591422,-0.23156245,-1.93156245,1.630007104,-2.23156245,-1.80106245,-1.290525006,-1.410525006,-2.860525006,-0.580307493,1.732077454,-1.067922546,-2.360525006,3.727360159,4.228348092,1.9,-1.454175184,-2.505017872,3.3
5.281549381,2.877978454,4.877978454,4.547978454,2.277978454,-0.822021546,5.903324076,5.94479873,1.30545793,7.905235288,2.905235288,7.868510564,0.829412926,3.381912926,4.947978454,4.827978454,3.377978454,3.268540348,8.345106432,5.545106432,3.877978454,2.289412926,2.632981388,2.6,0.366186524,0.628585592,-22.62314387
-11.15614793,-13.55971885,-11.55971885,-11.88971885,-14.15971885,-17.25971885,-10.53437323,-10.49289858,-4.93,-5.114751682,-12.01475168,-8.569186743,-12.16136505,-6.656365049,-11.48971885,-11.60971885,-13.05971885,-3.449192622,-2.8,-5.6,-12.55971885,-6.471833688,-5.970845755,-11,2.764741685,4.251808216,-89.6
-11.39207496,-13.79564588,-11.79564588,-12.12564588,-14.39564588,-17.49564588,-10.77030026,-10.72882561,-3.742240305,-5.350678712,-12.25067871,-8.805113774,-12.39729208,-6.89229208,-11.72564588,-11.84564588,-13.29564588,-4.955473898,-11.2104701,-14.0104701,-12.79564588,-6.707760718,-6.206772785,-1.2,-10.3964435,-11.0017995,-54.5
-6.308075664,-8.711646591,-6.711646591,-7.041646591,-9.311646591,-12.41164659,-5.686300969,-5.644826315,-1.991776714,0.268878247,-4.931121753,-3.721114481,-5.345786777,-1.746686777,-6.641646591,-6.761646591,-8.211646591,-1.482587465,-8.077024486,-10.87702449,-7.711646591,-1.623761426,-1.122773493,0,-5.31244421,-5.917800212,-6.2
-8.873120387,-11.27669131,-9.276691314,-9.606691314,-11.87669131,-14.97669131,-8.251345692,-8.209871037,-1.223285736,-2.296166476,-7.496166476,-6.286159204,-7.9108315,-4.3117315,-9.206691314,-9.326691314,-10.77669131,-4.047632188,-10.64206921,-13.44206921,-10.27669131,-4.188806149,-3.687818216,-6.53690872,-7.877488933,-8.482844935,-51.1
1.661858645,-0.741712282,1.258287718,0.928287718,-1.341712282,-4.441712282,2.28363334,2.325107994,-2.314232806,4.285544552,-0.714455448,-0.464469449,-0.587755258,-0.517755258,1.328287718,1.208287718,-0.241712282,-0.351150388,4.725415696,1.925415696,0.258287718,-0.687755258,-0.887755258,5.2,0.062392351,0.116949896,-26.24283461
1.530034947,-0.87353598,1.12646402,0.79646402,-1.47353598,-4.57353598,2.151809642,2.193284297,-2.446056504,4.153720855,-0.846279145,-0.596293147,-0.719578956,-0.649578956,1.19646402,1.07646402,-0.37353598,-0.482974086,4.593591998,1.793591998,0.12646402,-0.819578956,-1.019578956,3.866246614,2.525666401,1.920310399,-26.37465831
-3.983762817,-6.387333744,-4.387333744,-4.717333744,-6.987333744,-10.08733374,-3.361988122,-3.320513468,-4.855769792,-1.36007691,-6.36007691,-1.396801634,-3.02147393,0.57762607,-4.317333744,-4.437333744,-5.887333744,0.841725382,-5.752711639,-8.552711639,-5.387333744,0.700551421,1.201539354,-2.6,-1.089248971,-1.81118991,-6.8
-0.921947149,-3.325518076,-1.325518076,-1.655518076,-3.925518076,-7.025518076,-0.300172454,-0.258697799,-4.8980386,1.701738759,-3.298261241,-3.048275243,-3.171561052,-3.101561052,-1.255518076,-1.375518076,-2.825518076,-0.511300119,2.141609902,-0.658390098,-2.325518076,-3.271561052,-3.471561052,0.6,-0.698724341,-1.156836781,-1.3
-10.3155443,-12.71911522,-10.71911522,-11.04911522,-13.31911522,-16.41911522,-9.693769602,-9.652294948,-5.999245347,-3.092902985,-7.292902985,-7.728583114,-7.282902985,-5.243802985,-10.64911522,-10.76911522,-12.21911522,-3.682404252,-9.191084399,-11.9910844,-11.71911522,-5.631230059,-5.130242126,-7.97933263,-9.319912843,-9.925268846,-38.22023755
0.485324335,-1.918246591,0.081753409,-0.248246591,-2.518246591,-5.618246591,1.107099031,1.148573685,-0.5,1.681309694,-2.118690306,-1.174,-3.966812119,-1.414312119,0.151753409,0.031753409,-1.418246591,-1.621758106,3,0.2,-0.918246591,-2.506812119,-2.163243657,0.4,0.224249616,0.38933177,1
-7.046191693,-9.44976262,-7.44976262,-7.77976262,-10.04976262,-13.14976262,-6.424416998,-6.382942343,0.603642958,-0.469237782,-5.669237782,-4.45923051,-6.083902806,-2.484802806,-7.37976262,-7.49976262,-8.94976262,-2.220703494,-8.815140515,-11.61514052,-8.44976262,-2.361877455,-1.860889522,-4.709980026,-6.050560239,-6.655916241,-22.3
-0.838153549,-3.241724476,-1.241724476,-1.571724476,-3.841724476,-6.941724476,-0.216378854,-0.174904199,3.478145401,-0.11276192,-1.81276192,-4.564904678,-2.11276192,-1.68226192,-1.171724476,-1.291724476,-2.741724476,-2.907904678,1.850877984,-0.949122016,-2.241724476,-4.407904678,-4.507904678,1.498058118,0.157477905,-0.447878097,-28.7428468
-12.58645282,-14.99002374,-12.99002374,-13.32002374,-15.59002374,-18.69002374,-11.96467812,-11.92320347,-4.475179024,-7.484990011,-12.08499001,-9.999491632,-11.62416393,-8.025063928,-12.92002374,-13.04002374,-14.49002374,-4.40573808,-8.50573808,-11.30573808,-13.99002374,-7.902138577,-7.401150644,-9.7,-11.59082136,-12.19617736,-40.49114607
-13.01758703,-15.42115796,-13.42115796,-13.75115796,-16.02115796,-19.12115796,-12.39581234,-12.35433768,-5.367752383,-6.97619079,-13.87619079,-10.43062585,-14.02280416,-8.517804157,-13.35115796,-13.47115796,-14.92115796,-6.580985975,-11.89312714,-14.69312714,-14.42115796,-8.333272796,-7.832284863,-10.68137537,-12.02195558,-12.62731158,-40.92228029
-3.356950699,-5.760521626,-3.760521626,-4.090521626,-6.360521626,-9.460521626,-2.735176004,-2.693701349,-3.347588042,-2.63155907,-4.33155907,-0.769989516,-4.63155907,-4.20105907,-3.690521626,-3.810521626,-5.260521626,-2.980304113,-0.667919166,-3.467919166,-4.760521626,1.327363539,1.828351472,-1.020739032,-2.361319245,-2.966675247,-31.26164395
-6.290542251,-8.694113178,-6.694113178,-7.024113178,-9.294113178,-12.39411318,-5.668767556,-5.627292901,-1.339142246,0.28641166,-4.91358834,-3.703581068,-5.328253364,-1.729153364,-6.624113178,-6.744113178,-8.194113178,-1.465054052,-8.059491073,-10.85949107,-7.694113178,-1.606228013,-1.10524008,-3.954330584,-5.294910797,-5.900266799,-34.19523551
-2.26868965,-4.672260576,-2.672260576,-3.002260576,-5.272260576,-8.372260576,-1.646914954,-1.6054403,5.381145002,-1.543298021,-3.243298021,-5.995440779,-3.543298021,-3.112798021,-2.602260576,-2.722260576,-4.172260576,-4.338440779,0.420341883,-2.379658117,-3.672260576,-5.838440779,-5.938440779,0.067522017,-1.273058196,-1.878414198,10.3
-11.53932587,-13.9428968,-11.9428968,-12.2728968,-14.5428968,-17.6428968,-10.91755118,-10.87607652,-3.889491223,-5.49792963,-12.39792963,-8.952364691,-12.544543,-7.039542997,-11.8728968,-11.9928968,-13.4428968,-5.102724815,-11.35772102,-14.15772102,-12.9428968,-6.855011636,-6.354023703,-9.203114207,-10.54369442,-11.14905042,-39.44401913
0.160081905,-2.243489021,-0.243489021,-0.573489021,-2.843489021,-5.943489021,0.781856601,0.823331255,0.169444563,0.885473534,-0.814526466,-3.566669224,-1.114526466,-0.684026466,-0.173489021,-0.293489021,-1.743489021,-1.909669224,2.849113438,0.049113438,-1.243489021,-3.409669224,-3.509669224,2.496293573,1.272550753,2.245414431,24.9
-4.64499306,-7.048563987,-5.048563987,-5.378563987,-7.648563987,-10.74856399,-4.023218365,-3.98174371,3.004841591,1.931960851,-3.268039149,-2.058031877,-3.682704173,-0.083604173,-4.978563987,-5.098563987,-6.548563987,0.180495139,-6.413941882,-9.213941882,-6.048563987,0.039321178,0.540309111,-2.308781393,-3.649361606,-4.254717608,-32.54968631
-6.103861003,-8.50743193,-6.50743193,-6.83743193,-9.10743193,-12.20743193,-5.482086308,-5.440611654,2.007412788,-1.002398199,-5.602398199,-3.51689982,-5.141572117,-1.542472117,-6.43743193,-6.55743193,-8.00743193,2.076853732,-2.023146268,-4.823146268,-7.50743193,-1.419546765,-0.918558832,-3.767649336,-5.10822955,-5.713585552,-34.00855426
-14.30557453,-16.70914546,-14.70914546,-15.03914546,-17.30914546,-20.40914546,-13.68379984,-13.64232518,-6.194300739,-9.204111726,-13.80411173,-11.71861335,-13.34328564,-9.744185644,-14.63914546,-14.75914546,-16.20914546,-6.124859795,-10.22485979,-13.02485979,-15.70914546,-9.621260292,-9.120272359,-11.96936286,-13.30994308,-13.91529908,-42.21026778
-6.646074508,-9.049645435,-7.049645435,-7.379645435,-9.649645435,-12.74964543,-6.024299813,-5.982825158,-1.694674503,-1.544611704,-6.144611704,-4.059113325,-5.683785621,-2.084685621,-6.979645435,-7.099645435,-8.549645435,-1.820586309,-8.41502333,-11.21502333,-8.049645435,-1.96176027,-1.460772337,-4.309862841,-5.650443054,-6.255799056,-34.55076776
2.832274697,0.42870377,2.42870377,2.09870377,-0.17129623,-3.27129623,3.454049392,3.495524047,-1.143816754,5.455960605,0.455960605,0.705946603,0.582660794,0.652660794,2.49870377,2.37870377,0.92870377,0.819265664,5.895831748,3.095831748,1.42870377,0.482660794,0.282660794,5.168486364,3.827906151,3.222550149,-25.07241856
0.199664327,-2.2039066,-0.2039066,-0.5339066,-2.8039066,-5.9039066,0.821439023,0.862913677,0.209026985,0.925055956,-0.774944044,-3.527086802,-1.074944044,-0.644444044,-0.1339066,-0.2539066,-1.7039066,-1.870086802,2.88869586,0.08869586,-1.2039066,-3.370086802,-3.470086802,2.535875994,0.922216692,1.640951973,23.1
2.887174369,0.483603442,2.483603442,2.153603442,-0.116396558,-3.216396558,3.508949064,3.550423719,-1.088917082,5.510860277,0.510860277,0.760846275,0.637560466,0.707560466,2.553603442,2.433603442,0.983603442,0.874165336,5.95073142,3.15073142,1.483603442,0.537560466,0.337560466,3.1,3.882805823,3.277449821,-25.01751889
-4.662635033,-7.06620596,-5.06620596,-5.39620596,-7.66620596,-10.76620596,-4.040860338,-3.999385683,-2.115452545,-0.482354832,-7.782354832,-2.07567385,-5.667852156,-0.162852156,-4.99620596,-5.11620596,-6.56620596,1.773966026,1.20499123,-1.59500877,-6.06620596,0.021679205,0.522667138,-2.326423366,-3.667003579,-4.272359581,-32.56732829
-2.920075008,-5.323645935,-3.323645935,-3.653645935,-5.923645935,-9.023645935,-2.298300313,-2.256825658,-2.91071235,-2.194683379,-3.894683379,-0.333113825,-4.194683379,-3.764183379,-3.253645935,-3.373645935,-4.823645935,-2.543428422,-0.231043475,-3.031043475,-4.323645935,1.76423923,2.265227163,-0.583863341,-7.471328158,-12.97310846,-9.4
-12.89504867,-15.2986196,-13.2986196,-13.6286196,-15.8986196,-18.9986196,-12.27327398,-12.23179932,-4.783774882,-7.793585868,-12.39358587,-10.30808749,-11.93275979,-8.333659786,-13.2286196,-13.3486196,-14.7986196,-4.714333937,-8.814333937,-11.61433394,-14.2986196,-8.210734434,-7.709746501,-1.9,-11.89941722,-12.50477322,-40.79974193
-12.95166619,-15.35523711,-13.35523711,-13.68523711,-15.95523711,-19.05523711,-12.32989149,-12.28841684,-4.840392394,-7.850203381,-12.45020338,-10.364705,-11.9893773,-8.390277299,-13.28523711,-13.40523711,-14.85523711,-4.77095145,-8.87095145,-11.67095145,-14.35523711,-8.267351947,-7.766364014,-12.4,-11.95603473,-12.56139073,-40.85635944
-8.873209881,-11.27678081,-9.276780808,-9.606780808,-11.87678081,-14.97678081,-8.251435186,-8.209960532,-6.326027393,-2.831813637,-9.731813637,-6.286248698,-9.878427004,-4.373427004,-9.206780808,-9.326780808,-10.77678081,-2.436608822,-8.691605026,-11.49160503,-10.27678081,-4.188895643,-3.68790771,0,-7.877578427,-8.48293443,-30.7
-10.37029624,-12.77386716,-10.77386716,-11.10386716,-13.37386716,-16.47386716,-9.74852154,-9.707046886,-2.720461584,-4.328899991,-11.22889999,-7.783335052,-11.37551336,-5.870513359,-10.70386716,-10.82386716,-12.27386716,-3.933695176,-9.245836337,-12.04583634,-11.77386716,-5.685981997,-5.184994064,-8.034084568,-9.374664782,-9.980020784,-38.27498949
-14.39622838,-16.79979931,-14.79979931,-15.12979931,-17.39979931,-20.49979931,-13.77445369,-13.73297903,-6.284954593,-9.29476558,-13.89476558,-11.8092672,-13.4339395,-9.834839497,-14.72979931,-14.84979931,-16.29979931,-6.215513648,-10.31551365,-13.11551365,-15.79979931,-9.711914146,-9.210926213,-4.8,-13.40059693,-14.00595293,-157.1
-4.532514903,-6.93608583,-4.93608583,-5.26608583,-7.53608583,-10.63608583,-3.910740207,-3.869265553,-1.985332414,-1.908828995,-6.908828995,-1.94555372,-6.782128805,-6.712128805,-4.86608583,-4.98608583,-6.43608583,-4.121867873,-1.468957851,-4.268957851,-5.93608583,-6.882128805,-7.082128805,-2.196303236,-3.536883449,-4.142239451,-32.43720816
-11.13175146,-13.53532239,-11.53532239,-11.86532239,-14.13532239,-17.23532239,-10.50997677,-10.46850211,-6.815452511,-5.090355217,-11.99035522,-8.544790278,-12.13696858,-6.631968584,-11.46532239,-11.58532239,-13.03532239,-4.695150402,-10.00729156,-12.80729156,-12.53532239,-6.447437223,-5.94644929,-8.795539794,-10.13612001,-10.74147601,-39.03644472
-13.37563371,-15.77920464,-13.77920464,-14.10920464,-16.37920464,-19.47920464,-12.75385902,-12.71238436,-5.264359921,-8.274170908,-12.87417091,-10.78867253,-12.41334482,-8.814244825,-13.70920464,-13.82920464,-15.27920464,-5.194918976,-9.294918976,-12.09491898,-14.77920464,-8.691319474,-8.190331541,-11.03942204,-12.38000226,-12.98535826,-41.28032697
-7.584353956,-9.987924882,-7.987924882,-8.317924882,-10.58792488,-13.68792488,-6.96257926,-6.921104606,-3.268055005,-2.482891151,-7.082891151,-4.997392772,-6.622065069,-3.022965069,-7.917924882,-8.037924882,-9.487924882,0.59636078,-3.50363922,-6.30363922,-8.987924882,-2.900039717,-2.399051784,-4.7,-6.588722502,-7.194078504,-35.48904721
-6.485914559,-8.889485486,-6.889485486,-7.219485486,-9.489485486,-12.58948549,-5.864139864,-5.822665209,-2.169615609,0.736726753,-3.463273247,-3.898953376,-3.453273247,-1.414173247,-6.819485486,-6.939485486,-8.389485486,0.147225486,-0.618288296,-3.418288296,-7.889485486,-1.801600321,-1.300612388,-11.8,-2.054268662,-3.511478387,-35.6
-11.50180018,-13.9053711,-11.9053711,-12.2353711,-14.5053711,-17.6053711,-10.88002548,-10.83855083,-7.185501226,-5.460403932,-12.36040393,-8.914838993,-12.5070173,-7.002017299,-11.8353711,-11.9553711,-13.4053711,-5.065199117,-10.37734028,-13.17734028,-12.9053711,-6.817485938,-6.316498005,-9.165588509,-10.50616872,-11.11152472,-39.40649343
-4.824111099,-7.227682026,-5.227682026,-5.557682026,-7.827682026,-10.92768203,-4.202336404,-4.160861749,-4.814748442,-4.09871947,-5.79871947,-8.550862228,-6.09871947,-5.66821947,-5.157682026,-5.277682026,-6.727682026,-6.893862228,-2.135079566,-4.935079566,-6.227682026,-8.393862228,-8.493862228,-2.487899432,-6.614590305,-10.44071675,16.2
0.684905743,-1.718665184,0.281334816,-0.048665184,-2.318665184,-5.418665184,1.306680438,1.348155093,-3.291185708,3.308591651,-1.691408349,-1.441422351,-1.564708159,-1.494708159,0.351334816,0.231334816,-1.218665184,1.095552773,3.748462795,0.948462795,-0.718665184,-1.664708159,-1.864708159,3.02111741,1.680537197,1.075181195,-27.21978751
0.140027853,-2.263543074,-0.263543074,-0.593543074,-2.863543074,-5.963543074,0.761802548,0.803277202,7.789862504,4.320308054,-2.979691946,2.726989036,-3.159209414,1.794790586,-0.193543074,-0.313543074,-1.763543074,6.576628912,0.321632708,-2.478367292,-1.263543074,4.824342091,5.325330024,2.47623952,1.135659307,0.530303305,-27.7646654
-2.484214805,-4.887785732,-2.887785732,-3.217785732,-5.487785732,-8.587785732,-1.86244011,-1.820965455,-2.474852148,-1.758823176,-3.458823176,0.102746378,-3.758823176,-3.328323176,-2.817785732,-2.937785732,-4.387785732,-2.107568219,0.204816728,-2.595183272,-3.887785732,2.200099433,2.701087366,-0.148003138,-6.02481862,-10.40427327,-30.38890806
-6.786774912,-9.190345839,-7.190345839,-7.520345839,-9.790345839,-12.89034584,-6.165000217,-6.123525563,-2.470475962,-1.685312108,-6.285312108,-4.199813729,-5.824486026,-2.225386026,-7.120345839,-7.240345839,-8.690345839,-1.696115306,-8.555723735,-11.35572373,-8.190345839,-2.102460674,-1.601472741,-6,-5.791143459,-6.396499461,-33.3
-12.87521997,-15.2787909,-13.2787909,-13.6087909,-15.8787909,-18.9787909,-12.25344528,-12.21197062,-4.76394618,-7.773757167,-12.37375717,-10.28825879,-11.91293108,-8.313831084,-13.2087909,-13.3287909,-14.7787909,-4.694505235,-8.794505235,-11.59450524,-14.2787909,-8.190905733,-7.6899178,-10.5390083,-11.87958852,-12.48494452,-40.77991323
-7.132863651,-9.536434578,-7.536434578,-7.866434578,-10.13643458,-13.23643458,-6.511088956,-6.469614301,-2.816564701,-2.031400847,-6.631400847,-4.545902468,-6.170574764,-2.571474764,-7.466434578,-7.586434578,-9.036434578,1.047851085,-3.052148915,-5.852148915,-8.536434578,-2.448549413,-1.94756148,-4.796651984,-6.137232197,-6.742588199,-35.03755691
-5.854252793,-8.257823719,-6.257823719,-6.587823719,-8.857823719,-11.95782372,-5.232478097,-5.191003443,1.795581859,0.187143452,-6.712856548,-3.26729161,-6.859469916,-1.354469916,-6.187823719,-6.307823719,-7.757823719,1.852702512,1.733855785,-1.066144215,-7.257823719,-1.169938554,-0.668950621,-1.8,-4.858621339,-5.463977341,-33.75894605
1.538522558,-0.865048369,1.134951631,0.804951631,-1.465048369,-4.565048369,2.160297253,2.201771907,-2.437568893,4.162208465,-0.837791535,-0.587805536,-0.711091345,-0.641091345,1.204951631,1.084951631,-0.365048369,-0.474486475,4.602079609,1.802079609,0.134951631,-0.811091345,-1.011091345,3.4,0.011505638,0.02923843,7.4
0.278940724,-2.124630203,-0.124630203,-0.454630203,-2.724630203,-5.824630203,0.900715419,0.942190073,-0.593066251,1.474926083,-2.325073917,2.865901907,-4.173195731,-1.620695731,-0.054630203,-0.174630203,-1.624630203,-1.828141718,0.601791043,-2.198208957,-1.124630203,-2.713195731,-2.369627269,1.3,-0.140229536,-0.215038028,5
-11.35338703,-13.75695796,-11.75695796,-12.08695796,-14.35695796,-17.45695796,-10.73161233,-10.69013768,-3.703552378,-4.130745717,-8.330745717,-8.766425846,-8.320745717,-6.281645717,-11.68695796,-11.80695796,-13.25695796,-4.720246983,-10.22892713,-13.02892713,-12.75695796,-6.669072791,-6.168084858,-9.017175362,-10.35775558,-10.96311158,-39.25808028
-14.89810529,-17.30167622,-15.30167622,-15.63167622,-17.90167622,-21.00167622,-14.2763306,-14.23485594,-6.786831503,-9.79664249,-14.39664249,-12.31114411,-13.93581641,-10.33671641,-15.23167622,-15.35167622,-16.80167622,-6.717390559,-10.81739056,-13.61739056,-16.30167622,-10.21379106,-9.712803123,-12.56189363,-13.90247384,-14.50782984,-42.80279855
-12.60588228,-15.00945321,-13.00945321,-13.33945321,-15.60945321,-18.70945321,-11.98410758,-11.94263293,-4.494608487,-7.504419474,-12.10441947,-10.0189211,-11.64359339,-8.044493392,-12.93945321,-13.05945321,-14.50945321,-4.425167543,-8.525167543,-11.32516754,-14.00945321,-7.92156804,-7.420580107,-3.5,-18.12630197,-30.55700009,-99.8
5.750846774,3.347275847,5.347275847,5.017275847,2.747275847,-0.352724153,6.372621469,6.414096124,1.774755323,8.374532682,3.374532682,8.337807957,1.298710319,3.851210319,5.417275847,5.297275847,3.847275847,3.737837741,8.814403825,6.014403825,4.347275847,2.758710319,3.102278782,1.9,0.42026646,0.716999817,3.2
-7.514612436,-9.918183363,-7.918183363,-8.248183363,-10.51818336,-13.61818336,-6.892837741,-6.851363087,-2.563212431,-0.937658525,-6.137658525,-4.927651253,-6.552323549,-2.953223549,-7.848183363,-7.968183363,-9.418183363,-2.689124237,-9.283561258,-12.08356126,-8.918183363,-2.830298198,-2.329310265,-5.178400769,-6.518980982,-7.124336985,-35.41930569
-10.12654887,-12.5301198,-10.5301198,-10.8601198,-13.1301198,-16.2301198,-9.504774173,-9.463299519,-2.476714217,-4.085152625,-10.98515262,-7.539587686,-11.13176599,-5.626765992,-10.4601198,-10.5801198,-12.0301198,-2.419593564,-2.538440291,-5.338440291,-11.5301198,-5.44223463,-4.941246697,-11.9,-9.130917415,-9.736273417,-96.6
-9.302899047,-11.70646997,-9.706469974,-10.03646997,-12.30646997,-15.40646997,-8.681124352,-8.639649697,-10.44675356,-3.261502803,-10.1615028,-6.715937864,-10.30811617,-4.80311617,-9.636469974,-9.756469974,-11.20646997,-2.866297988,-8.178439148,-10.97843915,-10.70646997,-4.618584809,-4.117596876,-6.96668738,-8.307267593,-8.912623595,-37.2075923
-8.790028066,-11.19359899,-9.193598993,-9.523598993,-11.79359899,-14.89359899,-8.168253371,-8.126778717,-1.140193415,-2.213074155,-7.413074155,-6.203066883,-7.82773918,-4.22863918,-9.123598993,-9.243598993,-10.69359899,-3.964539867,-10.55897689,-13.35897689,-10.19359899,-4.105713828,-3.604725895,-6.453816399,-7.794396613,-8.399752615,-36.69472132
-8.92000715,-11.32357808,-9.323578077,-9.653578077,-11.92357808,-15.02357808,-8.298232455,-8.2567578,-4.6037082,-1.697365838,-5.897365838,-6.333045967,-5.887365838,-3.848265838,-9.253578077,-9.373578077,-10.82357808,-2.286867104,-7.795547251,-10.59554725,-10.32357808,-4.235692912,-3.734704979,-1.3,-7.924375696,-8.529731698,-36.8247004
-11.9576765,-14.36124743,-12.36124743,-12.69124743,-14.96124743,-18.06124743,-11.3359018,-11.29442715,-7.64137755,-5.916280256,-12.81628026,-9.370715317,-12.96289362,-7.457893623,-12.29124743,-12.41124743,-13.86124743,-5.521075441,-11.77607164,-14.57607164,-13.36124743,-7.273362262,-6.772374329,-9.621464833,-10.96204505,-11.56740105,-39.86236975
-10.20179406,-12.60536499,-10.60536499,-10.93536499,-13.20536499,-16.30536499,-9.580019365,-9.53854471,-5.88549511,-2.979152748,-7.179152748,-7.614832877,-7.169152748,-5.130052748,-10.53536499,-10.65536499,-12.10536499,-3.568654014,-9.077334161,-11.87733416,-11.60536499,-5.517479822,-5.016491889,-1.5,-9.206162606,-9.811518608,-38.10648731
-7.24730791,-9.650878837,-7.650878837,-7.980878837,-10.25087884,-13.35087884,-6.625533215,-6.584058561,-2.93100896,-0.024666599,-4.224666599,-4.660346727,-4.214666599,-2.175566599,-7.580878837,-7.700878837,-9.150878837,-0.614167865,-6.122848012,-8.922848012,-8.650878837,-2.562993672,-2.062005739,1.2,1.705081165,1.871913319,-83
-11.58083295,-13.98440388,-11.98440388,-12.31440388,-14.58440388,-17.68440388,-10.95905825,-10.9175836,-3.930998298,-5.539436705,-12.43943671,-8.993871767,-12.58605007,-7.081050073,-11.91440388,-12.03440388,-13.48440388,-5.144231891,-11.39922809,-14.19922809,-12.98440388,-6.896518711,-6.395530778,-1.1,-0.892891287,-1.031136226,-58.3
-0.202877008,-2.606447935,-0.606447935,-0.936447935,-3.206447935,-6.306447935,0.418897687,0.460372342,-0.19351435,0.522514621,-1.177485379,2.384084175,-1.477485379,-1.046985379,-0.536447935,-0.656447935,-2.106447935,0.173769578,2.486154525,-0.313845475,-1.606447935,4.48143723,4.982425163,2.8,-0.259868357,-0.363795771,18.3
-2.445877557,-4.849448484,-2.849448484,-3.179448484,-5.449448484,-8.549448484,-1.824102861,-1.782628207,-6.421969008,0.177808351,-4.822191649,-4.57220565,-4.695491459,-4.625491459,-2.779448484,-2.899448484,-4.349448484,-2.035230527,0.617679495,-2.182320505,-3.849448484,-4.795491459,-4.995491459,2.5,-1.177062073,-1.987469068,-30.35057081
-6.783088323,-9.18665925,-7.18665925,-7.51665925,-9.78665925,-12.88665925,-6.161313628,-6.119838974,-4.235905835,0.439552989,-3.760447011,-4.19612714,-3.750447011,-1.711347011,-7.11665925,-7.23665925,-8.68665925,-0.149948278,-5.658628425,-8.458628425,-8.18665925,-2.098774085,-1.597786152,-4.446876656,-0.182169558,-0.290480091,-34.68778158
-5.948170972,-8.351741899,-6.351741899,-6.681741899,-8.951741899,-12.0517419,-5.326396277,-5.284921622,-0.996770967,0.628782939,-4.571217061,-3.361209789,-4.985882085,-1.386782085,-6.281741899,-6.401741899,-7.851741899,-1.122682773,-7.717119794,-10.51711979,-7.351741899,-1.263856734,-0.762868801,-3.611959305,-4.952539518,-5.55789552,-33.85286423
-1.717186612,-4.120757539,-2.120757539,-2.450757539,-4.720757539,-7.820757539,-1.095411917,-1.053937263,-1.707823955,-0.991794984,-2.691794984,0.869774571,-2.991794984,-2.561294984,-2.050757539,-2.170757539,-3.620757539,-1.340540026,0.97184492,-1.82815508,-3.120757539,2.967127626,3.468115559,1.4,-4.394181514,-7.321380986,3.4
4.822711081,2.419140154,4.419140154,4.089140154,1.819140154,-1.280859846,5.444485776,5.485960431,0.65,5.54810271,3.84810271,1.095959952,3.54810271,3.97860271,4.489140154,4.369140154,2.919140154,2.752959952,5.2,2.4,3.419140154,1.252959952,1.152959952,7.158922748,1.188452053,1.999650055,25.7
-10.37431281,-12.77788374,-10.77788374,-11.10788374,-13.37788374,-16.47788374,-9.752538119,-9.711063465,-2.263039024,-5.27285001,-9.87285001,-7.787351632,-9.412023928,-5.812923928,-10.70788374,-10.82788374,-12.27788374,-2.193598079,-6.293598079,-9.093598079,-11.77788374,-5.689998576,-5.189010643,-23,-9.378681361,-9.984037363,-324.4
-11.30839537,-13.71196629,-11.71196629,-12.04196629,-14.31196629,-17.41196629,-10.68662067,-10.64514602,-3.658560714,-6.206932561,-10.80693256,-8.721434182,-10.34610648,-6.747006479,-11.64196629,-11.76196629,-13.21196629,-3.12768063,-7.22768063,-10.02768063,-12.71196629,-6.624081127,-6.123093194,-8.972183698,-10.31276391,-10.91811991,-39.21308862
-7.556427662,-9.959998589,-7.959998589,-8.289998589,-10.55999859,-13.65999859,-6.934652967,-6.893178312,-5.009245174,-0.33378635,-4.53378635,-4.969466479,-4.52378635,-2.48468635,-7.889998589,-8.009998589,-9.459998589,-0.923287616,-6.431967763,-9.231967763,-8.959998589,-2.872113424,-2.371125491,-5.220215995,-6.560796208,-7.16615221,-35.46112092
-8.974683671,-11.3782546,-9.378254598,-9.708254598,-11.9782546,-15.0782546,-8.352908975,-8.311434321,-6.427501182,-1.752042359,-5.952042359,-6.387722488,-5.942042359,-3.902942359,-9.308254598,-9.428254598,-10.8782546,-2.341543625,-7.850223772,-10.65022377,-10.3782546,-4.290369432,-3.789381499,-1.7,-7.979052217,-8.584408219,-36.87937692
-9.721571214,-12.12514214,-10.12514214,-10.45514214,-12.72514214,-15.82514214,-9.099796519,-9.058321864,-5.405272264,-2.498929902,-6.698929902,-7.134610031,-6.688929902,-4.649829902,-10.05514214,-10.17514214,-11.62514214,-3.088431168,-8.597111315,-11.39711132,-11.12514214,-5.037256976,-4.536269043,-7.385359547,-8.72593976,-9.331295762,-37.62626447
-11.16035855,-13.56392948,-11.56392948,-11.89392948,-14.16392948,-17.26392948,-10.53858386,-10.4971092,-12.30421307,-5.11896231,-12.01896231,-8.573397371,-12.16557568,-6.660575677,-11.49392948,-11.61392948,-13.06392948,-4.723757495,-10.03589866,-12.83589866,-12.56392948,-6.476044315,-5.975056383,-8.824146887,-10.1647271,-10.7700831,-39.06505181
-0.421044238,-2.824615165,-0.824615165,-1.154615165,-3.424615165,-6.524615165,0.200730457,0.242205112,-4.397135689,2.20264167,-2.79735833,-2.547372332,-2.670658141,-2.600658141,-0.754615165,-0.874615165,-2.324615165,-0.010397208,2.642512813,-0.157487187,-1.824615165,-2.770658141,-2.970658141,1.915167429,0.574587216,-0.030768786,-28.32573749
-6.95399569,-9.357566617,-7.357566617,-7.687566617,-9.957566617,-13.05756662,-6.332220994,-6.29074634,-2.002595685,-0.377041779,-5.577041779,-4.367034507,-5.991706803,-2.392606803,-7.287566617,-7.407566617,-8.857566617,-2.128507491,-8.722944512,-11.52294451,-8.357566617,-2.269681451,-1.768693519,-4.617784023,-5.958364236,-6.563720238,-25.3
-13.42109923,-15.82467015,-13.82467015,-14.15467015,-16.42467015,-19.52467015,-12.79932453,-12.75784988,-5.309825437,-8.319636424,-12.91963642,-10.83413804,-12.45881034,-8.859710341,-13.75467015,-13.87467015,-15.32467015,-5.240384492,-9.340384492,-12.14038449,-14.82467015,-8.73678499,-8.235797057,-28.4,-12.42546777,-13.03082378,-41.32579248
-2.766181142,-5.169752068,-3.169752068,-3.499752068,-5.769752068,-8.869752068,-2.144406446,-2.102931792,-2.756818484,-2.040789513,-3.740789513,-0.179219958,-4.040789513,-3.610289513,-3.099752068,-3.219752068,-4.669752068,-2.389534556,-0.077149609,-2.877149609,-4.169752068,1.918133097,2.41912103,0.8,-5.739663866,-10.3355276,-30.6708744
-8.470004746,-10.87357567,-8.873575673,-9.203575673,-11.47357567,-14.57357567,-7.848230051,-7.806755396,-5.922822258,-2.428608502,-9.328608502,-5.883043563,-9.475221869,-3.970221869,-8.803575673,-8.923575673,-10.37357567,-0.763049441,-7.345544847,-10.14554485,-9.873575673,-3.785690508,-3.284702575,-6.133793079,-7.474373292,-8.079729294,-36.374698
-13.90839815,-16.31196908,-14.31196908,-14.64196908,-16.91196908,-20.01196908,-13.28662345,-13.2451488,-5.797124359,-8.806935345,-13.40693535,-11.32143697,-12.94610926,-9.347009263,-14.24196908,-14.36196908,-15.81196908,-5.727683414,-9.827683414,-12.62768341,-15.31196908,-9.224083911,-8.723095978,-2.4,-12.9127667,-13.5181227,-41.8130914
-6.457128077,-8.860699004,-6.860699004,-7.190699004,-9.460699004,-12.560699,-5.835353381,-5.793878727,-7.329135051,-0.415731833,-7.315731833,-3.870166894,-7.4623452,-1.9573452,-6.790699004,-6.910699004,-8.360699004,-0.020527018,-6.275523221,-9.075523221,-7.860699004,-1.772813838,-1.271825905,-4.12091641,-5.461496623,-6.066852625,-2.3
0.824228911,-1.579342016,0.420657984,0.090657984,-2.179342016,-5.279342016,1.446003606,1.48747826,0.833591568,1.549620539,-0.150379461,3.411190094,-0.450379461,-0.019879461,0.490657984,0.370657984,-1.079342016,1.200875497,3.513260443,0.713260443,-0.579342016,5.508543149,6.009531082,3.160440578,-0.963578243,-1.630372128,9.2
0.381035896,-2.022535031,-0.022535031,-0.352535031,-2.622535031,-5.722535031,1.002810591,1.044285245,0.390398553,1.106427524,-0.593572476,2.967997079,-0.893572476,-0.463072476,0.047464969,-0.072535031,-1.522535031,0.757682482,3.070067428,0.270067428,-1.022535031,5.065350134,5.566338067,2.717247563,-0.993846127,-1.72596597,4
-12.07272434,-14.47629527,-12.47629527,-12.80629527,-15.07629527,-18.17629527,-11.45094965,-11.40947499,-4.422889692,-6.0313281,-12.9313281,-9.485763161,-13.07794147,-7.572941467,-12.40629527,-12.52629527,-13.97629527,-5.636123285,-10.94826445,-13.74826445,-13.47629527,-7.388410105,-6.887422172,-9.736512677,-11.07709289,-11.68244889,-39.9774176
-5.609624663,-8.013195589,-6.013195589,-6.343195589,-8.613195589,-11.71319559,-4.987849967,-4.946375313,-1.293325712,-0.508161858,-5.108161858,-3.022663479,-4.647335776,-1.048235776,-5.943195589,-6.063195589,-7.513195589,6.36919456,-1.528909927,-4.328909927,-7.013195589,-0.925310424,-0.424322491,-3.273412995,-2.726123204,-4.692057535,-19.6
-0.525505263,-2.92907619,-0.92907619,-1.25907619,-3.52907619,-6.62907619,0.096269433,0.137744087,2.021677226,5.515890981,-1.384109019,2.06145592,-1.530722386,3.974277614,-0.85907619,-0.97907619,-2.42907619,2.128744709,5.342121,2.542121,-1.92907619,4.158808976,4.659796908,0.4,0.42844574,0.71995254,5.1
-1.096317495,-3.499888422,-1.499888422,-1.829888422,-4.099888422,-7.199888422,-0.4745428,-0.433068146,-5.072408946,1.527368412,-3.472631588,-3.222645589,-3.345931398,-3.275931398,-1.429888422,-1.549888422,-2.999888422,-0.685670466,1.967239556,-0.832760444,-2.499888422,-3.445931398,-3.645931398,1,-1.047781308,-1.771488417,-2.9
-11.84319322,-14.24676415,-12.24676415,-12.57676415,-14.84676415,-17.94676415,-11.22141853,-11.17994387,-4.193358572,-5.801796979,-12.70179698,-9.25623204,-12.84841035,-7.343410346,-12.17676415,-12.29676415,-13.74676415,-4.136237919,-4.255084645,-7.055084645,-13.24676415,-7.158878985,-6.657891052,-0.9,-10.84756177,-11.45291777,-39.74788648
-12.59060344,-14.99417437,-12.99417437,-13.32417437,-15.59417437,-18.69417437,-11.96882875,-11.92735409,-4.479329653,-7.489140639,-12.08914064,-10.00364226,-11.62831456,-8.029214557,-12.92417437,-13.04417437,-14.49417437,-4.409888708,-8.509888708,-11.30988871,-13.99417437,-7.906289205,-7.405301272,-10.25439178,-11.59497199,-12.20032799,-40.4952967
-9.706259708,-12.10983063,-10.10983063,-10.43983063,-12.70983063,-15.80983063,-9.084485013,-9.043010358,-7.15907722,-2.483618396,-6.683618396,-7.119298525,-6.673618396,-4.634518396,-10.03983063,-10.15983063,-11.60983063,-3.073119662,-8.581799809,-11.38179981,-11.10983063,-5.02194547,-4.520957537,-0.5,-8.710628254,-9.315984256,-37.61095296
-8.674642462,-11.07821339,-9.078213389,-9.408213389,-11.67821339,-14.77821339,-8.052867767,-8.011393113,-0.563368671,-3.573179658,-8.173179658,-6.087681279,-7.712353576,-4.113253576,-9.008213389,-9.128213389,-10.57821339,-0.493927727,-4.593927727,-7.393927727,-10.07821339,-3.990328224,-3.489340291,-0.4,-7.679011009,-8.284367011,-36.57933572
4.791331762,2.387760835,4.387760835,4.057760835,1.787760835,-1.312239165,5.413106457,5.454581112,0.815240311,7.41501767,2.41501767,2.665003668,2.541717859,2.611717859,4.457760835,4.337760835,2.887760835,2.778322729,7.854888813,5.054888813,3.387760835,2.441717859,2.241717859,2.1,0.635810163,1.069265085,10.8
3.675973855,1.272402928,3.272402928,2.942402928,0.672402928,-2.427597072,4.297748551,4.339223205,-0.300117596,6.299659763,1.299659763,6.262935038,-0.776162599,1.776337401,3.342402928,3.222402928,1.772402928,1.662964822,6.739530907,3.939530907,2.272402928,0.683837401,1.027405863,1.1,-0.26753748,-0.472193862,6
-7.231564833,-9.63513576,-7.63513576,-7.96513576,-10.23513576,-13.33513576,-6.609790138,-6.568315484,-4.684382345,-0.654610922,-5.854610922,-4.64460365,-6.269275947,-2.670175947,-7.56513576,-7.68513576,-9.13513576,-2.406076634,-9.000513656,-11.80051366,-8.63513576,-2.547250595,-2.046262662,-4.895353166,-6.23593338,-6.841289382,-35.13625809
-2.945802422,-5.349373349,-3.349373349,-3.679373349,-5.949373349,-9.049373349,-2.324027727,-2.282553073,4.704032229,-2.220410793,-3.920410793,-6.672553551,-4.220410793,-3.789910793,-3.279373349,-3.399373349,-4.849373349,-5.015553551,-0.25677089,-3.05677089,-4.349373349,-6.515553551,-6.615553551,-0.609590755,-1.950170968,-2.555526971,-30.85049568
-11.96569022,-14.36926115,-12.36926115,-12.69926115,-14.96926115,-18.06926115,-11.34391552,-11.30244087,-3.854416428,-6.864227414,-11.46422741,-9.378729036,-11.00340133,-7.404301332,-12.29926115,-12.41926115,-13.86926115,-3.784975483,-7.884975483,-10.68497548,-13.36926115,-7.28137598,-6.780388047,-6,-10.97005876,-11.57541477,-134.3
-10.43909732,-12.84266825,-10.84266825,-11.17266825,-13.44266825,-16.54266825,-9.817322625,-9.775847971,-6.12279837,-4.397701076,-11.29770108,-7.852136137,-11.44431444,-5.939314444,-10.77266825,-10.89266825,-12.34266825,-4.002496262,-7.750065788,-10.55006579,-11.84266825,-5.754783082,-5.253795149,-2.7,-9.443465867,-10.04882187,-47.8
-12.89621834,-15.29978927,-13.29978927,-13.62978927,-15.89978927,-18.99978927,-12.27444365,-12.23296899,-5.246383693,-6.8548221,-13.7548221,-10.30925716,-13.90143547,-8.396435467,-13.22978927,-13.34978927,-14.79978927,-6.459617285,-10.20718681,-13.00718681,-14.29978927,-8.211904106,-7.710916173,-10.56000668,-11.90058689,-12.50594289,-40.8009116
-14.30299343,-16.70656436,-14.70656436,-15.03656436,-17.30656436,-20.40656436,-13.68121874,-13.63974408,-6.653158783,-9.20153063,-13.80153063,-11.71603225,-13.34070455,-9.741604547,-14.63656436,-14.75656436,-16.20656436,-6.122278699,-10.2222787,-13.0222787,-15.70656436,-9.618679196,-9.117691263,-11.96678177,-13.30736198,-13.91271798,-42.20768669
-10.28681481,-12.69038573,-10.69038573,-11.02038573,-13.29038573,-16.39038573,-9.665040112,-9.623565457,-5.970515857,-4.245418563,-11.14541856,-7.699853624,-11.29203193,-5.78703193,-10.62038573,-10.74038573,-12.19038573,-3.850213748,-9.162354908,-11.96235491,-11.69038573,-5.602500569,-5.101512636,-7.95060314,-9.291183353,-9.896539355,-38.19150806
-7.635746916,-10.03931784,-8.039317843,-8.369317843,-10.63931784,-13.73931784,-7.013972221,-6.972497567,-5.088564428,-0.413105605,-4.613105605,-5.048785733,-4.603105605,-2.564005605,-7.969317843,-8.089317843,-9.539317843,-1.002606871,-6.511287018,-9.311287018,-9.039317843,-2.951432678,-2.450444745,-1.5,-6.640115463,-7.245471465,-10.7
-6.920190402,-9.323761329,-7.323761329,-7.653761329,-9.923761329,-13.02376133,-6.298415707,-6.256941052,-2.603891452,-1.818727598,-6.418727598,-4.333229219,-5.957901515,-2.358801515,-7.253761329,-7.373761329,-8.823761329,-1.829530795,-8.689139224,-11.48913922,-8.323761329,-2.235876164,-1.734888231,-0.6,-5.924558948,-6.52991495,-34.82488366
-2.099094583,-4.50266551,-2.50266551,-2.83266551,-5.10266551,-8.20266551,-1.477319888,-1.435845234,2.217204367,4.477859328,-0.722140672,0.4878666,-1.136805697,2.462294303,-2.43266551,-2.55266551,-4.00266551,2.726393616,-3.868043406,-6.668043406,-3.50266551,2.585219655,3.086207588,0.2,-3.808117846,-6.38626635,-2
-5.725246768,-8.128817695,-6.128817695,-6.458817695,-8.728817695,-11.82881769,-5.103472073,-5.061997418,-1.408947818,-4.999855139,-6.699855139,-9.451997897,-6.999855139,-6.569355139,-6.058817695,-6.178817695,-7.628817695,-7.794997897,-3.036215235,-5.836215235,-7.128817695,-9.294997897,-9.394997897,-3.389035101,-4.729615314,-5.334971316,-33.62994002
-11.649592,-14.05316292,-12.05316292,-12.38316292,-14.65316292,-17.75316292,-11.0278173,-10.98634265,-3.999757347,-5.608195754,-12.50819575,-9.062630815,-12.65480912,-7.149809121,-11.98316292,-12.10316292,-13.55316292,-5.212990939,-10.5251321,-13.3251321,-13.05316292,-6.96527776,-6.464289827,-9.313380331,-10.65396054,-11.25931655,-39.55428525
-12.37332485,-14.77689578,-12.77689578,-13.10689578,-15.37689578,-18.47689578,-11.75155016,-11.7100755,-4.262051063,-7.271862049,-11.87186205,-9.786363671,-11.41103597,-7.811935967,-12.70689578,-12.82689578,-14.27689578,-4.192610118,-8.292610118,-11.09261012,-13.77689578,-7.689010615,-7.188022682,-10.03711319,-11.3776934,-11.9830494,-246.8
-3.158774865,-5.562345792,-3.562345792,-3.892345792,-6.162345792,-9.262345792,-2.53700017,-2.495525515,-3.149412208,-2.433383236,-4.133383236,-6.885525994,-4.433383236,-4.002883236,-3.492345792,-3.612345792,-5.062345792,-5.228525994,-0.469743332,-3.269743332,-4.562345792,-6.728525994,-6.828525994,-0.822563198,3.779459103,6.743571943,17.1
-7.333221125,-9.736792052,-7.736792052,-8.066792052,-10.33679205,-13.43679205,-6.71144643,-6.669971775,-2.38182112,-0.756267214,-5.956267214,-4.746259942,-6.370932238,-2.771832238,-7.666792052,-7.786792052,-9.236792052,-2.507732926,-9.102169947,-11.90216995,-8.736792052,-2.648906887,-2.147918954,-4.997009458,-6.337589671,-6.942945673,-35.23791438
1.760652789,-0.642918138,1.357081862,1.027081862,-1.242918138,-4.342918138,2.382427484,2.423902139,-2.215438662,4.384338697,-0.615661303,-0.365675305,-0.488961114,-0.418961114,1.427081862,1.307081862,-0.142918138,-0.252356244,4.82420984,2.02420984,0.357081862,-0.588961114,-0.788961114,4.7,0.070898415,0.141321888,7.4
1.964772389,-0.438798538,1.561201462,1.231201462,-1.038798538,-4.138798538,2.586547084,2.628021739,-0.45,2.905668203,-1.994331797,-1.102,-1.56,-0.3075,1.631201462,1.511201462,0.061201462,0.2,2.1,-0.7,0.561201462,-1.3,-1.4,0.3,-0.055969581,-0.130641192,0.3
-5.209236251,-7.612807178,-5.612807178,-5.942807178,-8.212807178,-11.31280718,-4.587461556,-4.545986902,-0.892937301,2.013405061,-2.186594939,-2.622275068,-2.176594939,-0.137494939,-5.542807178,-5.662807178,-7.112807178,1.423903794,-4.084776353,-6.884776353,-6.612807178,-0.524922013,-0.02393408,1.4,-2.165202597,-3.830629785,9.6
-6.484063775,-8.887634702,-6.887634702,-7.217634702,-9.487634702,-12.5876347,-5.86228908,-5.820814426,1.165770876,-5.758672147,-7.458672147,-10.2108149,-7.758672147,-7.328172147,-6.817634702,-6.937634702,-8.387634702,-8.553814905,-3.795032243,-6.595032243,-7.887634702,-10.0538149,-10.1538149,-4.147852108,-5.488432322,-6.093788324,-34.38875703
-10.07159188,-12.47516281,-10.47516281,-10.80516281,-13.07516281,-16.17516281,-9.449817187,-9.408342533,-5.755292932,-4.030195638,-10.93019564,-7.484630699,-11.07680901,-5.571809005,-10.40516281,-10.52516281,-11.97516281,-3.634990823,-8.947131984,-11.74713198,-11.47516281,-5.387277644,-4.886289711,-7.735380215,-9.075960428,-9.68131643,-37.97628514
-8.912553884,-11.31612481,-9.316124811,-9.646124811,-11.91612481,-15.01612481,-8.290779189,-8.249304535,-4.596254934,-1.689912572,-5.889912572,-6.325592701,-5.879912572,-3.840812572,-9.246124811,-9.366124811,-10.81612481,-2.279413839,-7.788093986,-10.58809399,-10.31612481,-4.228239646,-3.727251713,-42,0.550242279,0.91928896,-63.1
-11.69839156,-14.10196248,-12.10196248,-12.43196248,-14.70196248,-17.80196248,-11.07661686,-11.03514221,-4.048556906,-5.656995313,-12.55699531,-9.111430374,-12.70360868,-7.19860868,-12.03196248,-12.15196248,-13.60196248,-5.261790498,-9.009360024,-11.80936002,-13.10196248,-7.014077319,-6.513089386,-9.36217989,-10.7027601,-11.30811611,-98
-11.47154721,-13.87511813,-11.87511813,-12.20511813,-14.47511813,-17.57511813,-10.84977251,-10.80829786,-3.821712556,-4.894593296,-10.0945933,-8.884586024,-10.50925832,-6.91015832,-11.80511813,-11.92511813,-13.37511813,-6.646059008,-13.24049603,-16.04049603,-12.87511813,-6.787232968,-6.286245036,-9.13533554,-10.47591575,-11.08127176,-39.37624046
-10.67952982,-13.08310074,-11.08310074,-11.41310074,-13.68310074,-16.78310074,-10.05775512,-10.01628047,-2.568256024,-5.578067011,-10.17806701,-8.092568632,-9.717240928,-6.118140928,-11.01310074,-11.13310074,-12.58310074,-2.498815079,-6.598815079,-9.398815079,-12.08310074,-5.995215577,-5.494227644,-9.6,-9.683898361,-10.28925436,-207.4
-11.54623028,-13.94980121,-11.94980121,-12.27980121,-14.54980121,-17.64980121,-10.92445559,-10.88298093,-3.434956492,-6.444767479,-11.04476748,-8.9592691,-10.5839414,-6.984841396,-11.87980121,-11.99980121,-13.44980121,-3.365515547,-7.465515547,-10.26551555,-12.94980121,-6.861916045,-6.360928112,-9.7,-10.55059883,-11.15595483,-39.45092354
